gene_transcript,target,cluster
10006_ZBTB5_P1P2_ENSG00000168795,ZBTB5,-1
10015_ZBTB8OS_P1P2_ENSG00000176261,ZBTB8OS,-1
10020_ZC3H13_P1P2_ENSG00000123200,ZC3H13,3
10023_ZC3H18_P1P2_ENSG00000158545,ZC3H18,-1
10024_ZC3H3_P1P2_ENSG00000014164,ZC3H3,8
10025_ZC3H4_P1_ENSG00000130749,ZC3H4,-1
10039_ZCCHC8_P1P2_ENSG00000033030,ZCCHC8,-1
10040_ZCCHC9_P1P2_ENSG00000131732,ZCCHC9,55
10041_ZCRB1_P1P2_ENSG00000139168,ZCRB1,-1
10056_ZDHHC7_P1P2_ENSG00000153786,ZDHHC7,51
10073_ZFC3H1_P1P2_ENSG00000133858,ZFC3H1,8
1008_NDUFAF8_P1P2_ENSG00000224877,NDUFAF8,-1
10099_ZFP91_P1P2_ENSG00000186660,ZFP91,-1
100_ACSL3_P1P2_ENSG00000123983,ACSL3,19
10104_ZFR_P1P2_ENSG00000056097,ZFR,-1
1011_C18orf21_P1P2_ENSG00000141428,C18orf21,-1
10136_ZMAT2_P1_ENSG00000146007,ZMAT2,28
10139_ZMAT5_P1P2_ENSG00000100319,ZMAT5,-1
10146_ZMYM4_P1P2_ENSG00000146463,ZMYM4,-1
10173_ZNF143_P1P2_ENSG00000166478,ZNF143,-1
10202_ZNF207_P1_ENSG00000010244,ZNF207,-1
10213_ZNF219_P1P2_ENSG00000165804,ZNF219,-1
10231_ZNF236_P1P2_ENSG00000130856,ZNF236,55
10263_ZNF281_P1P2_ENSG00000162702,ZNF281,-1
1026_MICOS13_P1P2_ENSG00000174917,MICOS13,-1
10272_ZNF292_P1P2_ENSG00000188994,ZNF292,-1
10280_ZNF317_P1P2_ENSG00000130803,ZNF317,-1
10287_ZNF324_P1P2_ENSG00000083812,ZNF324,-1
10288_ZNF326_P1P2_ENSG00000162664,ZNF326,2
10297_ZNF335_P1P2_ENSG00000198026,ZNF335,-1
1029_C1D_P1P2_ENSG00000197223,C1D,-1
10312_ZNF358_P1_ENSG00000198816,ZNF358,-1
1032_C1QBP_P1P2_ENSG00000108561,C1QBP,52
10331_ZNF396_P1P2_ENSG00000186496,ZNF396,-1
10339_ZNF414_P1P2_ENSG00000133250,ZNF414,-1
10378_ZNF462_P1P2_ENSG00000148143,ZNF462,-1
10399_ZNF496_P1P2_ENSG00000162714,ZNF496,-1
103_ACSS2_P1P2_ENSG00000131069,ACSS2,60
1040_C1orf131_P1P2_ENSG00000143633,C1orf131,55
10416_ZNF518A_P1P2_ENSG00000177853,ZNF518A,-1
10447_ZNF559_P1P2_ENSG00000188321,ZNF559,-1
10448_ZNF560_P1P2_ENSG00000198028,ZNF560,31
10449_ZNF561_P1P2_ENSG00000171469,ZNF561,-1
10463_ZNF574_P1_ENSG00000105732,ZNF574,-1
104_ACTB_P1P2_ENSG00000075624,ACTB,-1
10510_ZNF622_P1P2_ENSG00000173545,ZNF622,-1
10553_ZNF687_P1P2_ENSG00000143373,ZNF687,-1
10558_ZNF695_ENST00000339986.7_ENSG00000197472,ZNF695,-1
10567_ZNF704_P1P2_ENSG00000164684,ZNF704,-1
10574_ZNF706_P1P2_ENSG00000120963,ZNF706,-1
1058_RAB5IF_P1P2_ENSG00000101084,RAB5IF,1
10636_ZNF786_P1P2_ENSG00000197362,ZNF786,-1
10637_ZNF787_P1P2_ENSG00000142409,ZNF787,-1
10676_ZNF84_P1P2_ENSG00000198040,ZNF84,55
10699_ZNHIT1_P1P2_ENSG00000106400,ZNHIT1,7
106_ACTL6A_P1P2_ENSG00000136518,ACTL6A,-1
10701_ZNHIT3_P1P2_ENSG00000273611,ZNHIT3,-1
10702_ZNHIT6_P1P2_ENSG00000117174,ZNHIT6,55
10703_ZNRD1_P1P2_ENSG00000066379,ZNRD1,-1
10708_ZRSR2_P1P2_ENSG00000169249,ZRSR2,-1
10736_ZW10_P1P2_ENSG00000086827,ZW10,53
10746_AC118549.1_P1P2_ENSG00000036549,AC118549.1,34
1097_C5orf22_P1P2_ENSG00000082213,C5orf22,-1
109_ACTR10_P1P2_ENSG00000131966,ACTR10,-1
10_AARS2_P1P2_ENSG00000124608,AARS2,57
1100_C5orf30_P1P2_ENSG00000181751,C5orf30,-1
1108_SMIM29_P1P2_ENSG00000186577,SMIM29,-1
1109_MTRES1_P1P2_ENSG00000130349,MTRES1,-1
1118_C7orf26_P1P2_ENSG00000146576,C7orf26,35
1120_CYREN_P1P2_ENSG00000122783,CYREN,26
1129_SPOUT1_P1P2_ENSG00000198917,SPOUT1,-1
1145_CABIN1_P1P2_ENSG00000099991,CABIN1,-1
1152_CAD_P1P2_ENSG00000084774,CAD,22
1161_CALR_P1P2_ENSG00000179218,CALR,-1
1167_CAMLG_P1P2_ENSG00000164615,CAMLG,-1
1170_CAMTA2_P1P2_ENSG00000108509,CAMTA2,8
117_ACTR6_P1P2_ENSG00000075089,ACTR6,7
118_ACTR8_P1P2_ENSG00000113812,ACTR8,6
1192_CARF_P1P2_ENSG00000138380,CARF,58
1195_CARM1_P1P2_ENSG00000142453,CARM1,-1
1197_CARS_P1P2_ENSG00000110619,CARS,-1
1198_CASC3_P1P2_ENSG00000108349,CASC3,5
1206_CASP8AP2_P1P2_ENSG00000118412,CASP8AP2,42
1219_CBFA2T3_P2_ENSG00000129993,CBFA2T3,-1
1221_CBLL1_P1P2_ENSG00000105879,CBLL1,3
1223_CBL_P1P2_ENSG00000110395,CBL,-1
1238_CCAR1_P1P2_ENSG00000060339,CCAR1,-1
1245_CCDC115_P1P2_ENSG00000136710,CCDC115,-1
1250_CCDC125_P1P2_ENSG00000183323,CCDC125,-1
1255_CCDC130_P1_ENSG00000104957,CCDC130,-1
1268_CCDC174_P1P2_ENSG00000154781,CCDC174,-1
1284_CCDC59_P1P2_ENSG00000133773,CCDC59,55
1289_CCDC6_P1P2_ENSG00000108091,CCDC6,-1
1296_CCDC78_P1P2_ENSG00000162004,CCDC78,-1
1298_CCDC84_P1P2_ENSG00000186166,CCDC84,-1
1301_CCDC86_P1P2_ENSG00000110104,CCDC86,58
1312_CCDC9_P1P2_ENSG00000105321,CCDC9,-1
1319_CCNC_P1P2_ENSG00000112237,CCNC,-1
1323_CCND3_P1P2_ENSG00000112576,CCND3,-1
1325_CCNE1_P1P2_ENSG00000105173,CCNE1,-1
1327_CCNF_P1P2_ENSG00000162063,CCNF,-1
1328_CCNG1_P1P2_ENSG00000113328,CCNG1,-1
1329_CCNH_P1P2_ENSG00000134480,CCNH,52
1331_CCNJ_P1P2_ENSG00000107443,CCNJ,-1
1332_CCNK_P2_ENSG00000090061,CCNK,-1
1333_CCNK_P1_ENSG00000090061,CCNK,-1
1334_CCNL1_P1P2_ENSG00000163660,CCNL1,-1
1346_CCT2_P1P2_ENSG00000166226,CCT2,12
1347_CCT3_P1P2_ENSG00000163468,CCT3,12
1348_CCT4_P1P2_ENSG00000115484,CCT4,12
1349_CCT5_P1P2_ENSG00000150753,CCT5,12
1351_CCT7_P1P2_ENSG00000135624,CCT7,12
1352_CCT8_P1P2_ENSG00000156261,CCT8,12
1361_CD2BP2_P1P2_ENSG00000169217,CD2BP2,-1
1365_CD3EAP_P1P2_ENSG00000117877,CD3EAP,59
1382_CD99_P1P2_ENSG00000002586,CD99,-1
1385_CDAN1_P1P2_ENSG00000140326,CDAN1,-1
1386_CDC123_P1P2_ENSG00000151465,CDC123,-1
1388_CDC14B_P1P2_ENSG00000081377,CDC14B,-1
1393_CDC25B_P1P2_ENSG00000101224,CDC25B,-1
13_AARS_P1P2_ENSG00000090861,AARS,61
1408_CDC5L_P1P2_ENSG00000096401,CDC5L,-1
140_ADAT3_P2_ENSG00000213638,ADAT3,-1
1410_CDC73_P1P2_ENSG00000134371,CDC73,13
1411_CDC7_P1P2_ENSG00000097046,CDC7,-1
1419_CDIPT_P1P2_ENSG00000103502,CDIPT,-1
1424_CDK12_P1P2_ENSG00000167258,CDK12,-1
1425_CDK13_P1P2_ENSG00000065883,CDK13,-1
1432_CDK2_P1P2_ENSG00000123374,CDK2,-1
1440_CDK6_P1_ENSG00000105810,CDK6,-1
1443_CDK9_P1P2_ENSG00000136807,CDK9,-1
1449_CDKN2AIP_P1P2_ENSG00000168564,CDKN2AIP,-1
1455_CDR2L_P1P2_ENSG00000109089,CDR2L,-1
1457_CDS2_P1P2_ENSG00000101290,CDS2,-1
1469_CEBPG_P1P2_ENSG00000153879,CEBPG,60
1470_CEBPZ_P1P2_ENSG00000115816,CEBPZ,-1
1478_CENPC_P1P2_ENSG00000145241,CENPC,-1
1483_CENPJ_P1P2_ENSG00000151849,CENPJ,-1
1484_CENPK_P1P2_ENSG00000123219,CENPK,-1
1489_CENPP_P1P2_ENSG00000188312,CENPP,-1
1497_CEP152_P1P2_ENSG00000103995,CEP152,-1
1504_CEP350_P1P2_ENSG00000135837,CEP350,-1
1522_CERK_P1P2_ENSG00000100422,CERK,-1
1526_CERS6_P1P2_ENSG00000172292,CERS6,-1
1532_CFDP1_P1_ENSG00000153774,CFDP1,7
1544_CHAF1A_P1P2_ENSG00000167670,CHAF1A,42
1545_CHAF1B_P1P2_ENSG00000159259,CHAF1B,42
1548_CHCHD1_P1P2_ENSG00000172586,CHCHD1,-1
1550_CHCHD3_P1P2_ENSG00000106554,CHCHD3,7
1551_CHCHD4_P1P2_ENSG00000163528,CHCHD4,61
1560_CHD4_P1P2_ENSG00000111642,CHD4,-1
1570_CHERP_P1P2_ENSG00000085872,CHERP,-1
1577_CHKB_P1P2_ENSG00000100288,CHKB,-1
1583_CHMP3_P1P2_ENSG00000115561,CHMP3,38
1588_CHMP6_P1P2_ENSG00000176108,CHMP6,38
158_ADNP2_P1P2_ENSG00000101544,ADNP2,-1
1591_CHORDC1_P1P2_ENSG00000110172,CHORDC1,-1
1598_CHRNB1_P1P2_ENSG00000170175,CHRNB1,-1
159_ADNP_P1P2_ENSG00000101126,ADNP,-1
1601_CHST12_P1P2_ENSG00000136213,CHST12,-1
1609_CIAO1_P1P2_ENSG00000144021,CIAO1,-1
1610_CIAPIN1_P1P2_ENSG00000005194,CIAPIN1,-1
1614_CINP_P1P2_ENSG00000100865,CINP,-1
161_ADO_P1P2_ENSG00000181915,ADO,-1
1636_CLASRP_P1P2_ENSG00000104859,CLASRP,-1
1661_CLK3_P1_ENSG00000179335,CLK3,-1
1667_CLNS1A_P1P2_ENSG00000074201,CLNS1A,28
166_ADRM1_P1P2_ENSG00000130706,ADRM1,-1
1670_CLOCK_P1P2_ENSG00000134852,CLOCK,5
1672_CLPB_P1P2_ENSG00000162129,CLPB,-1
167_ADSL_P1P2_ENSG00000239900,ADSL,-1
1683_CLTC_P1P2_ENSG00000141367,CLTC,32
1685_CLUH_P1P2_ENSG00000132361,CLUH,-1
168_ADSS_P1P2_ENSG00000035687,ADSS,-1
1692_CMC4_P1P2_ENSG00000182712,CMC4,-1
1697_CMTM3_P1P2_ENSG00000140931,CMTM3,-1
16_AATF_P1P2_ENSG00000275700,AATF,55
1701_CMTR1_P1P2_ENSG00000137200,CMTR1,-1
1702_CMTR2_P1P2_ENSG00000180917,CMTR2,11
1704_CNBP_P1P2_ENSG00000169714,CNBP,-1
1706_CNDP2_P1_ENSG00000133313,CNDP2,31
1709_CNIH4_P1P2_ENSG00000143771,CNIH4,-1
1714_CNOT10_P1P2_ENSG00000182973,CNOT10,-1
1715_CNOT11_P1P2_ENSG00000158435,CNOT11,-1
1716_CNOT1_P1P2_ENSG00000125107,CNOT1,-1
1717_CNOT2_P1P2_ENSG00000111596,CNOT2,-1
1718_CNOT3_P1P2_ENSG00000088038,CNOT3,-1
1719_CNOT4_P1P2_ENSG00000080802,CNOT4,-1
1721_CNOT6_P1P2_ENSG00000113300,CNOT6,-1
1735_COA5_P1P2_ENSG00000183513,COA5,-1
1741_COG2_P1P2_ENSG00000135775,COG2,-1
1745_COG6_P1P2_ENSG00000133103,COG6,-1
1747_COG8_P1P2_ENSG00000213380,COG8,-1
1768_COMTD1_P1P2_ENSG00000165644,COMTD1,-1
176_AFG3L2_P1P2_ENSG00000141385,AFG3L2,-1
1773_COPE_P1P2_ENSG00000105669,COPE,-1
1777_COPRS_P1P2_ENSG00000172301,COPRS,-1
1778_COPS2_P1P2_ENSG00000166200,COPS2,18
1779_COPS3_P1P2_ENSG00000141030,COPS3,18
1780_COPS4_P1P2_ENSG00000138663,COPS4,18
1781_COPS5_P1P2_ENSG00000121022,COPS5,18
1782_COPS6_P1P2_ENSG00000168090,COPS6,18
1786_COPS8_P1P2_ENSG00000198612,COPS8,18
1790_COQ10B_P1P2_ENSG00000115520,COQ10B,-1
1791_COQ2_P1P2_ENSG00000173085,COQ2,-1
1804_COTL1_P1P2_ENSG00000103187,COTL1,-1
1805_COX10_P1P2_ENSG00000006695,COX10,-1
1806_COX11_P1P2_ENSG00000166260,COX11,-1
1808_COX15_P1P2_ENSG00000014919,COX15,-1
1810_COX17_P1P2_ENSG00000138495,COX17,-1
1815_COX5A_P1P2_ENSG00000178741,COX5A,-1
1816_COX5B_P1P2_ENSG00000135940,COX5B,-1
1818_COX6B1_P1P2_ENSG00000126267,COX6B1,2
1819_COX6C_P1P2_ENSG00000164919,COX6C,-1
1822_COX7B_P1P2_ENSG00000131174,COX7B,-1
1823_COX7C_P1P2_ENSG00000127184,COX7C,-1
1828_CPEB1_ENST00000568128.1_ENSG00000214575,CPEB1,55
182_AGBL5_P1_ENSG00000084693,AGBL5,-1
1831_CPNE1_P1P2_ENSG00000214078,CPNE1,-1
1839_CPSF1_P1P2_ENSG00000071894,CPSF1,-1
1840_CPSF2_P1P2_ENSG00000165934,CPSF2,25
1841_INTS11_P1P2_ENSG00000127054,INTS11,-1
1842_CPSF3_P1P2_ENSG00000119203,CPSF3,25
1843_CPSF4_P1P2_ENSG00000160917,CPSF4,-1
1844_CPSF6_P1P2_ENSG00000111605,CPSF6,19
1854_CRAT_P1P2_ENSG00000095321,CRAT,-1
1860_CREB3L3_P1P2_ENSG00000060566,CREB3L3,-1
1865_CREBBP_P1P2_ENSG00000005339,CREBBP,-1
1876_CRLF3_P1P2_ENSG00000176390,CRLF3,36
1892_CSDE1_P1P2_ENSG00000009307,CSDE1,-1
1893_CSE1L_P1P2_ENSG00000124207,CSE1L,-1
1898_CSNK1A1_P1P2_ENSG00000113712,CSNK1A1,-1
1905_CSNK2A2_P1P2_ENSG00000070770,CSNK2A2,-1
1906_CSNK2B_P1P2_ENSG00000204435,CSNK2B,-1
1915_CSTF1_P1P2_ENSG00000101138,CSTF1,-1
1918_CSTF3_P1P2_ENSG00000176102,CSTF3,-1
1919_CS_P1P2_ENSG00000062485,CS,-1
1920_CT45A5_P1P2_ENSG00000228836,CT45A5,-1
1923_CTBP1_P1P2_ENSG00000159692,CTBP1,-1
1929_CTDP1_P1P2_ENSG00000060069,CTDP1,52
1939_CTNNBL1_P1P2_ENSG00000132792,CTNNBL1,-1
1942_CTPS2_P1P2_ENSG00000047230,CTPS2,-1
1943_CTR9_P1P2_ENSG00000198730,CTR9,13
1956_CTU1_P1P2_ENSG00000142544,CTU1,27
1957_CTU2_P1P2_ENSG00000174177,CTU2,27
1960_CUL1_P1P2_ENSG00000055130,CUL1,-1
1961_CUL2_P1P2_ENSG00000108094,CUL2,-1
1962_CUL3_P1P2_ENSG00000036257,CUL3,10
196_AGPAT4_P1P2_ENSG00000026652,AGPAT4,-1
1971_CWC15_P1P2_ENSG00000150316,CWC15,-1
1976_CWF19L2_P1P2_ENSG00000152404,CWF19L2,-1
1979_CXXC1_P1P2_ENSG00000154832,CXXC1,-1
1999_CYC1_P1P2_ENSG00000179091,CYC1,-1
2000_CYCS_P1P2_ENSG00000172115,CYCS,-1
201_AHCTF1_P1P2_ENSG00000153207,AHCTF1,-1
2020_DAD1_P1P2_ENSG00000129562,DAD1,56
2025_DAP3_P1P2_ENSG00000132676,DAP3,-1
202_AHCYL1_P1_ENSG00000168710,AHCYL1,-1
2030_DARS_P1P2_ENSG00000115866,DARS,-1
2031_DAXX_P1_ENSG00000204209,DAXX,17
2036_DBF4_P1P2_ENSG00000006634,DBF4,-1
2044_DBR1_P1P2_ENSG00000138231,DBR1,-1
2049_DCAF11_P1P2_ENSG00000100897,DCAF11,4
204_AHCY_P1P2_ENSG00000101444,AHCY,-1
2051_DCAF13_P1P2_ENSG00000164934,DCAF13,-1
2059_DCAF7_P1P2_ENSG00000136485,DCAF7,-1
2070_DCP2_P1P2_ENSG00000172795,DCP2,-1
2071_DCPS_P1P2_ENSG00000110063,DCPS,-1
2074_DCTN2_P1P2_ENSG00000175203,DCTN2,-1
2075_DCTN3_P1P2_ENSG00000137100,DCTN3,-1
2077_DCTN5_P1P2_ENSG00000166847,DCTN5,-1
2085_DDA1_P1P2_ENSG00000130311,DDA1,-1
2087_DDB1_P1_ENSG00000167986,DDB1,-1
2092_DDI2_P1P2_ENSG00000197312,DDI2,-1
2096_DDOST_P1P2_ENSG00000244038,DDOST,56
2102_DDX10_P1P2_ENSG00000178105,DDX10,55
2104_DDX17_P1P2_ENSG00000100201,DDX17,-1
2105_DDX18_P1P2_ENSG00000088205,DDX18,55
2110_DDX20_P1P2_ENSG00000064703,DDX20,28
2111_DDX21_P1P2_ENSG00000165732,DDX21,55
2113_DDX24_P1P2_ENSG00000089737,DDX24,58
2114_DDX27_P1P2_ENSG00000124228,DDX27,-1
2118_DDX39B_P1P2_ENSG00000198563,DDX39B,-1
2119_DDX3X_P1P2_ENSG00000215301,DDX3X,-1
2120_DDX41_P1P2_ENSG00000183258,DDX41,28
2122_DDX46_P1_ENSG00000145833,DDX46,28
2125_DDX49_P1P2_ENSG00000105671,DDX49,-1
2127_DDX51_P1P2_ENSG00000185163,DDX51,58
2128_DDX52_P1P2_ENSG00000278053,DDX52,55
2129_DDX54_P1_ENSG00000123064,DDX54,-1
2131_DDX55_P1P2_ENSG00000111364,DDX55,-1
2132_DDX56_P1P2_ENSG00000136271,DDX56,58
2133_DDX59_P1P2_ENSG00000118197,DDX59,-1
2134_DDX5_P1P2_ENSG00000108654,DDX5,-1
2135_DDX6_P1P2_ENSG00000110367,DDX6,-1
2155_DENR_P1P2_ENSG00000139726,DENR,-1
2158_DEPDC5_P1P2_ENSG00000100150,DEPDC5,-1
2162_DERL2_P1P2_ENSG00000072849,DERL2,29
2164_DESI1_P1P2_ENSG00000100418,DESI1,-1
2169_DFFA_P1P2_ENSG00000160049,DFFA,-1
2175_DGCR8_P1P2_ENSG00000128191,DGCR8,30
2176_DGKD_P1P2_ENSG00000077044,DGKD,-1
2186_DHDDS_P1P2_ENSG00000117682,DHDDS,56
2189_DHODH_P1_ENSG00000102967,DHODH,22
2190_DHPS_P1P2_ENSG00000095059,DHPS,-1
2201_DHRSX_P1P2_ENSG00000169084,DHRSX,-1
2203_DHX15_P1P2_ENSG00000109606,DHX15,-1
2205_DHX29_P1P2_ENSG00000067248,DHX29,8
2207_DHX30_P1_ENSG00000132153,DHX30,57
2209_DHX33_P1P2_ENSG00000005100,DHX33,55
2212_DHX36_P1P2_ENSG00000174953,DHX36,-1
2213_DHX37_P1P2_ENSG00000150990,DHX37,55
2218_DHX9_P1P2_ENSG00000135829,DHX9,-1
2222_DICER1_P1P2_ENSG00000100697,DICER1,30
2225_UTP25_P1P2_ENSG00000117597,UTP25,-1
2226_DIMT1_P1P2_ENSG00000086189,DIMT1,55
2231_DIS3L2_P1P2_ENSG00000144535,DIS3L2,-1
2233_DIS3_P1P2_ENSG00000083520,DIS3,8
2235_DKC1_P1P2_ENSG00000130826,DKC1,55
2238_DLD_P1P2_ENSG00000091140,DLD,-1
2251_DMAP1_P1P2_ENSG00000178028,DMAP1,46
2252_DMBX1_P1P2_ENSG00000197587,DMBX1,7
2262_DMRTC2_P1P2_ENSG00000142025,DMRTC2,54
2267_DMXL1_P1P2_ENSG00000172869,DMXL1,28
2271_DNAAF3_P2_ENSG00000167646,DNAAF3,-1
2277_DNAJA3_P1P2_ENSG00000103423,DNAJA3,61
2292_DNAJC19_P1P2_ENSG00000205981,DNAJC19,61
2294_DNAJC21_P1P2_ENSG00000168724,DNAJC21,-1
2295_DNAJC24_P1P2_ENSG00000170946,DNAJC24,-1
22_ABCB7_P1P2_ENSG00000131269,ABCB7,-1
2304_DNAJC8_P1P2_ENSG00000126698,DNAJC8,-1
2308_DNASE1L1_P2_ENSG00000013563,DNASE1L1,-1
2311_DNM1L_P1P2_ENSG00000087470,DNM1L,-1
2314_DNMT1_P1P2_ENSG00000130816,DNMT1,-1
2320_DNTTIP1_P1P2_ENSG00000101457,DNTTIP1,-1
2321_DNTTIP2_P1P2_ENSG00000067334,DNTTIP2,55
2324_DOCK6_P1P2_ENSG00000130158,DOCK6,-1
2328_DOHH_P1P2_ENSG00000129932,DOHH,-1
2334_DOLK_P1P2_ENSG00000175283,DOLK,-1
2336_DONSON_P1P2_ENSG00000159147,DONSON,49
2343_DPF2_P1_ENSG00000133884,DPF2,-1
2346_DPH1_P1_ENSG00000108963,DPH1,-1
2347_DPH2_P1P2_ENSG00000132768,DPH2,-1
2366_DPY19L4_P1P2_ENSG00000156162,DPY19L4,16
2369_DR1_P1P2_ENSG00000117505,DR1,-1
2372_DRAP1_P1P2_ENSG00000175550,DRAP1,-1
2376_DROSHA_P1P2_ENSG00000113360,DROSHA,30
237_AKIRIN2_P1P2_ENSG00000135334,AKIRIN2,-1
2382_DSN1_P1P2_ENSG00000149636,DSN1,-1
2384_DSTYK_P1P2_ENSG00000133059,DSTYK,-1
2394_DTYMK_P1P2_ENSG00000168393,DTYMK,-1
2401_DUSP12_P1P2_ENSG00000081721,DUSP12,-1
2414_DUT_P1P2_ENSG00000128951,DUT,-1
2421_DYNC1H1_P1P2_ENSG00000197102,DYNC1H1,-1
2426_DYNLL1_P1P2_ENSG00000088986,DYNLL1,-1
2427_DYNLL2_P1P2_ENSG00000264364,DYNLL2,-1
2437_E2F1_P1P2_ENSG00000101412,E2F1,-1
2442_E2F5_P1P2_ENSG00000133740,E2F5,-1
2445_E2F8_P1P2_ENSG00000129173,E2F8,-1
2446_E4F1_P1P2_ENSG00000167967,E4F1,-1
2450_EARS2_P1P2_ENSG00000103356,EARS2,-1
2456_EBNA1BP2_P1P2_ENSG00000117395,EBNA1BP2,-1
2460_ECD_P1P2_ENSG00000122882,ECD,28
2468_ECI2_P1P2_ENSG00000198721,ECI2,-1
2475_EDC4_P1P2_ENSG00000038358,EDC4,-1
2487_EEF1G_P1P2_ENSG00000254772,EEF1G,-1
248_AKT2_P1P2_ENSG00000105221,AKT2,-1
2490_EEF2_P1_ENSG00000167658,EEF2,-1
2491_EEFSEC_P1P2_ENSG00000132394,EEFSEC,-1
249_ALAD_P1P2_ENSG00000148218,ALAD,-1
2501_EFR3A_P1P2_ENSG00000132294,EFR3A,-1
250_ALAS1_P1P2_ENSG00000023330,ALAS1,-1
2510_EGR1_P1_ENSG00000120738,EGR1,-1
2520_EHMT1_P1P2_ENSG00000181090,EHMT1,-1
2521_EHMT2_P1P2_ENSG00000204371,EHMT2,-1
2526_EIF1AD_P1P2_ENSG00000175376,EIF1AD,-1
2527_EIF1AX_P1P2_ENSG00000173674,EIF1AX,39
2529_EIF1_P1P2_ENSG00000173812,EIF1,-1
2535_EIF2B1_P1P2_ENSG00000111361,EIF2B1,61
2536_EIF2B2_P1P2_ENSG00000119718,EIF2B2,61
2537_EIF2B3_P1P2_ENSG00000070785,EIF2B3,61
2538_EIF2B4_P1P2_ENSG00000115211,EIF2B4,61
2539_EIF2B5_P1P2_ENSG00000145191,EIF2B5,61
2541_EIF2S1_P1P2_ENSG00000134001,EIF2S1,-1
2542_EIF2S2_P1P2_ENSG00000125977,EIF2S2,-1
2543_EIF2S3_P1P2_ENSG00000130741,EIF2S3,-1
2544_EIF3A_P1P2_ENSG00000107581,EIF3A,37
2547_EIF3C_P1P2_ENSG00000184110,EIF3C,-1
2548_EIF3D_P1P2_ENSG00000100353,EIF3D,-1
2549_EIF3E_P1P2_ENSG00000104408,EIF3E,-1
2550_EIF3F_P1P2_ENSG00000175390,EIF3F,39
2551_EIF3G_P1P2_ENSG00000130811,EIF3G,37
2552_EIF3H_P1P2_ENSG00000147677,EIF3H,39
2553_EIF3I_P1P2_ENSG00000084623,EIF3I,-1
2554_EIF3J_P1P2_ENSG00000104131,EIF3J,-1
2556_EIF3L_P1P2_ENSG00000100129,EIF3L,-1
2557_EIF3M_P1P2_ENSG00000149100,EIF3M,39
2558_EIF4A1_P1P2_ENSG00000161960,EIF4A1,-1
2563_EIF4E2_P1P2_ENSG00000135930,EIF4E2,-1
2566_EIF4ENIF1_P1P2_ENSG00000184708,EIF4ENIF1,-1
2567_EIF4E_P1P2_ENSG00000151247,EIF4E,-1
2568_EIF4G1_P1P2_ENSG00000114867,EIF4G1,-1
2569_EIF4G2_P1_ENSG00000110321,EIF4G2,39
2573_EIF4H_P1P2_ENSG00000106682,EIF4H,-1
2576_EIF5A_P1P2_ENSG00000132507,EIF5A,-1
2577_EIF5B_P1P2_ENSG00000158417,EIF5B,-1
2578_EIF5_P1_ENSG00000100664,EIF5,-1
2580_EIF6_P1P2_ENSG00000242372,EIF6,58
2582_ELAC2_P1P2_ENSG00000006744,ELAC2,-1
2583_ELAVL1_P1P2_ENSG00000066044,ELAVL1,-1
2593_ELL_P1P2_ENSG00000105656,ELL,-1
2599_ELOF1_P1P2_ENSG00000130165,ELOF1,14
2604_ELP2_P1P2_ENSG00000134759,ELP2,-1
2605_ELP3_P1P2_ENSG00000134014,ELP3,27
2606_ELP4_P1P2_ENSG00000109911,ELP4,27
2607_ELP5_P1P2_ENSG00000170291,ELP5,27
2612_EMC3_P1_ENSG00000125037,EMC3,-1
2616_EMC7_P1P2_ENSG00000134153,EMC7,-1
261_ALDOA_P1P2_ENSG00000149925,ALDOA,44
2622_EMG1_P1P2_ENSG00000126749,EMG1,-1
2626_EML3_P1P2_ENSG00000149499,EML3,-1
263_ALG11_P1P2_ENSG00000253710,ALG11,-1
2640_ENO1_P1P2_ENSG00000074800,ENO1,44
2654_ENY2_P1P2_ENSG00000120533,ENY2,-1
2657_EP300_P1P2_ENSG00000100393,EP300,-1
2658_EP400_P1P2_ENSG00000183495,EP400,46
265_ALG13_P1P2_ENSG00000101901,ALG13,-1
2660_EPB41L2_P1P2_ENSG00000079819,EPB41L2,-1
2665_EPC2_P1P2_ENSG00000135999,EPC2,-1
266_ALG14_P1P2_ENSG00000172339,ALG14,-1
2678_EPRS_P1P2_ENSG00000136628,EPRS,-1
2685_EPS8L1_P2_ENSG00000131037,EPS8L1,51
2689_ERAL1_P1P2_ENSG00000132591,ERAL1,-1
2694_ERCC2_P1P2_ENSG00000104884,ERCC2,52
2695_ERCC3_P1P2_ENSG00000163161,ERCC3,52
269_ALG2_P1P2_ENSG00000119523,ALG2,56
2731_ESF1_P1_ENSG00000089048,ESF1,55
2748_ESYT2_P1P2_ENSG00000117868,ESYT2,47
2750_ETF1_P1P2_ENSG00000120705,ETF1,-1
2755_ETHE1_P1P2_ENSG00000105755,ETHE1,-1
2758_ETS1_P1P2_ENSG00000134954,ETS1,-1
2764_ETV4_P1P2_ENSG00000175832,ETV4,43
2778_EXOC1_P1P2_ENSG00000090989,EXOC1,32
2781_EXOC4_P1P2_ENSG00000131558,EXOC4,32
2782_EXOC5_P1P2_ENSG00000070367,EXOC5,1
2784_EXOC7_P1P2_ENSG00000182473,EXOC7,-1
2787_EXOSC10_P1P2_ENSG00000171824,EXOSC10,55
2788_EXOSC1_P1P2_ENSG00000171311,EXOSC1,8
2789_EXOSC2_P1P2_ENSG00000130713,EXOSC2,8
2790_EXOSC3_P1P2_ENSG00000107371,EXOSC3,8
2791_EXOSC4_P1P2_ENSG00000178896,EXOSC4,8
2792_EXOSC5_P1P2_ENSG00000077348,EXOSC5,8
2793_EXOSC6_P1P2_ENSG00000223496,EXOSC6,8
2794_EXOSC7_P1P2_ENSG00000075914,EXOSC7,8
2795_EXOSC8_P1P2_ENSG00000120699,EXOSC8,8
2796_EXOSC9_P1P2_ENSG00000123737,EXOSC9,8
281_ALKBH8_P1P2_ENSG00000137760,ALKBH8,-1
2827_FAM102B_P1P2_ENSG00000162636,FAM102B,-1
2828_RAMAC_P1P2_ENSG00000169612,RAMAC,50
2839_FAM118B_P1P2_ENSG00000197798,FAM118B,-1
2844_FAM122A_P1P2_ENSG00000187866,FAM122A,-1
2845_FAM122B_P1P2_ENSG00000156504,FAM122B,-1
2858_FAM136A_P1P2_ENSG00000035141,FAM136A,51
288_AMBRA1_P1P2_ENSG00000110497,AMBRA1,-1
2891_MCRIP1_P1P2_ENSG00000225663,MCRIP1,-1
2900_TASOR2_P1P2_ENSG00000108021,TASOR2,-1
2901_FAM20B_P1P2_ENSG00000116199,FAM20B,-1
2902_FAM210A_P1P2_ENSG00000177150,FAM210A,-1
2905_PRXL2A_P1_ENSG00000122378,PRXL2A,-1
2918_FAM32A_P1P2_ENSG00000105058,FAM32A,-1
2925_FAM50A_P1P2_ENSG00000071859,FAM50A,-1
2929_CCNQ_P1P2_ENSG00000262919,CCNQ,-1
2935_DIPK1B_P1P2_ENSG00000165716,DIPK1B,-1
2947_FAM83H_P1P2_ENSG00000180921,FAM83H,-1
294_AMMECR1_P1P2_ENSG00000101935,AMMECR1,0
2973_FARSA_P1P2_ENSG00000179115,FARSA,61
2974_FARSB_P1P2_ENSG00000116120,FARSB,61
2975_FASN_P1P2_ENSG00000169710,FASN,35
2979_FASTKD5_P1P2_ENSG00000215251,FASTKD5,-1
2980_FASTK_P1P2_ENSG00000164896,FASTK,36
2983_FAU_P1P2_ENSG00000149806,FAU,-1
2988_FBL_P1P2_ENSG00000105202,FBL,55
3021_FBXO42_P1P2_ENSG00000037637,FBXO42,-1
3033_FBXW11_P1P2_ENSG00000072803,FBXW11,-1
3038_FBXW7_ENST00000281708.4_ENSG00000109670,FBXW7,-1
3039_FBXW7_ENST00000603548.1_ENSG00000109670,FBXW7,-1
3042_FCF1_P1P2_ENSG00000119616,FCF1,55
3045_FCGRT_P1P2_ENSG00000104870,FCGRT,-1
3051_FDX2_P1P2_ENSG00000267673,FDX2,-1
3059_FERMT2_P1P2_ENSG00000073712,FERMT2,-1
3072_FGFR1OP_P1P2_ENSG00000213066,FGFR1OP,-1
3084_FIGLA_P1P2_ENSG00000183733,FIGLA,-1
3090_FJX1_P1P2_ENSG00000179431,FJX1,-1
3093_FKBP15_P1P2_ENSG00000119321,FKBP15,-1
3102_FKBP9_P1P2_ENSG00000122642,FKBP9,45
3106_FLCN_P1P2_ENSG00000154803,FLCN,-1
3107_FLI1_P1P2_ENSG00000151702,FLI1,-1
3108_FLII_P1P2_ENSG00000177731,FLII,-1
3114_FLVCR1_P1P2_ENSG00000162769,FLVCR1,-1
3124_FNBP4_P1P2_ENSG00000109920,FNBP4,-1
3134_FOLR3_P2_ENSG00000110203,FOLR3,42
3163_FOXI3_P1P2_ENSG00000214336,FOXI3,-1
3167_FOXK1_P1P2_ENSG00000164916,FOXK1,-1
3177_FOXO1_P1P2_ENSG00000150907,FOXO1,-1
3194_FOXRED2_P1P2_ENSG00000100350,FOXRED2,-1
3195_FOXS1_P1P2_ENSG00000179772,FOXS1,-1
3220_FUNDC2_P1P2_ENSG00000165775,FUNDC2,33
3233_FYN_P1P2_ENSG00000010810,FYN,-1
3237_FZD5_P1P2_ENSG00000163251,FZD5,-1
3246_GAB2_P1P2_ENSG00000033327,GAB2,48
3248_GABARAPL1_P1P2_ENSG00000139112,GABARAPL1,-1
3254_GABPB1_P1P2_ENSG00000104064,GABPB1,-1
3259_GADD45GIP1_P1P2_ENSG00000179271,GADD45GIP1,-1
325_ANKRD11_P1P2_ENSG00000167522,ANKRD11,-1
3273_GALNT6_P1P2_ENSG00000139629,GALNT6,-1
3284_GAR1_P1P2_ENSG00000109534,GAR1,-1
3285_GARS_P1P2_ENSG00000106105,GARS,-1
3286_GART_P1P2_ENSG00000159131,GART,-1
32_ABCE1_P1P2_ENSG00000164163,ABCE1,-1
3303_GBA2_P1P2_ENSG00000070610,GBA2,6
3308_GBF1_P1P2_ENSG00000107862,GBF1,-1
3319_GCLC_P1P2_ENSG00000001084,GCLC,-1
3324_GCSH_P1P2_ENSG00000140905,GCSH,-1
3335_GEMIN4_P1P2_ENSG00000179409,GEMIN4,28
3336_GEMIN5_P1P2_ENSG00000082516,GEMIN5,28
3337_GEMIN6_P1P2_ENSG00000152147,GEMIN6,28
3339_GEMIN8_P1P2_ENSG00000046647,GEMIN8,28
3342_GFER_P1P2_ENSG00000127554,GFER,61
3343_GFI1B_P1P2_ENSG00000165702,GFI1B,-1
3346_GFM1_P1P2_ENSG00000168827,GFM1,57
3349_GFOD2_P1P2_ENSG00000141098,GFOD2,-1
334_ANKRD27_P1P2_ENSG00000105186,ANKRD27,-1
3367_GIGYF2_P1P2_ENSG00000204120,GIGYF2,-1
3369_GINS1_P1P2_ENSG00000101003,GINS1,49
3370_GINS2_P1P2_ENSG00000131153,GINS2,49
3371_GINS3_P1P2_ENSG00000181938,GINS3,-1
3372_GINS4_P1P2_ENSG00000147536,GINS4,49
3385_GLB1_P1P2_ENSG00000170266,GLB1,55
3395_GLIS1_ENST00000312233.2_ENSG00000174332,GLIS1,-1
3398_GLMN_P1P2_ENSG00000174842,GLMN,-1
339_ANKRD39_P1P2_ENSG00000213337,ANKRD39,19
33_ABCF1_P1_ENSG00000204574,ABCF1,58
3403_GLRX3_P1P2_ENSG00000108010,GLRX3,10
3404_GLRX5_P1P2_ENSG00000182512,GLRX5,-1
3409_NOP53_P1P2_ENSG00000105373,NOP53,-1
3412_GLUL_P1P2_ENSG00000135821,GLUL,38
3421_GMIP_P1P2_ENSG00000089639,GMIP,-1
3427_GMPS_P1P2_ENSG00000163655,GMPS,-1
3434_GNB1L_P1P2_ENSG00000185838,GNB1L,-1
3436_RACK1_P1P2_ENSG00000204628,RACK1,-1
3442_GNG5_P1P2_ENSG00000174021,GNG5,-1
3445_GNL2_P1P2_ENSG00000134697,GNL2,58
3446_GNL3L_P1P2_ENSG00000130119,GNL3L,-1
3447_GNL3_P1P2_ENSG00000163938,GNL3,-1
3448_GNPAT_P1P2_ENSG00000116906,GNPAT,-1
3471_GOLT1B_P1P2_ENSG00000111711,GOLT1B,-1
3485_GPALPP1_P1P2_ENSG00000133114,GPALPP1,-1
3488_GPATCH1_P1P2_ENSG00000076650,GPATCH1,-1
3502_GPN1_P1P2_ENSG00000198522,GPN1,52
3504_GPN3_P1P2_ENSG00000111231,GPN3,52
3517_GPS1_P1P2_ENSG00000169727,GPS1,18
3518_GPS2_P1P2_ENSG00000132522,GPS2,-1
3541_GRPEL1_P1P2_ENSG00000109519,GRPEL1,61
3543_GRSF1_P1P2_ENSG00000132463,GRSF1,-1
354_ANP32B_P1P2_ENSG00000136938,ANP32B,-1
3551_GSK3B_P1P2_ENSG00000082701,GSK3B,36
3554_GSPT1_P1P2_ENSG00000103342,GSPT1,-1
3566_GTF2A1_P1P2_ENSG00000165417,GTF2A1,-1
3567_GTF2A2_P1P2_ENSG00000140307,GTF2A2,-1
3569_GTF2E1_P1P2_ENSG00000153767,GTF2E1,52
3570_GTF2E2_P1P2_ENSG00000197265,GTF2E2,52
3572_GTF2F2_P1P2_ENSG00000188342,GTF2F2,-1
3573_GTF2H1_P1P2_ENSG00000110768,GTF2H1,52
"3575_GTF2H2_ENST00000274400.5,ENST00000330280.7_ENSG00000145736",GTF2H2,-1
3576_GTF2H3_P1P2_ENSG00000111358,GTF2H3,-1
3577_GTF2H4_P1P2_ENSG00000213780,GTF2H4,52
3584_GTF3C1_P1P2_ENSG00000077235,GTF3C1,-1
3585_GTF3C2_P1P2_ENSG00000115207,GTF3C2,-1
3586_GTF3C3_P1P2_ENSG00000119041,GTF3C3,-1
3589_GTF3C6_P1P2_ENSG00000155115,GTF3C6,-1
3594_GTPBP4_P1P2_ENSG00000107937,GTPBP4,-1
3605_GYG1_P1P2_ENSG00000163754,GYG1,34
3616_H2AFZ_P1P2_ENSG00000164032,H2AFZ,7
3631_HARS2_P1P2_ENSG00000112855,HARS2,-1
3632_HARS_P1P2_ENSG00000170445,HARS,61
3634_HAUS1_P1P2_ENSG00000152240,HAUS1,-1
3637_HAUS4_P1P2_ENSG00000092036,HAUS4,-1
3640_HAUS7_P1_ENSG00000213397,HAUS7,-1
3654_HBS1L_P1P2_ENSG00000112339,HBS1L,-1
3656_HCCS_P1P2_ENSG00000004961,HCCS,-1
365_ANXA7_P1P2_ENSG00000138279,ANXA7,-1
3666_HDAC6_P1P2_ENSG00000094631,HDAC6,-1
3677_HEATR1_P1P2_ENSG00000119285,HEATR1,59
3681_HEBP1_P1P2_ENSG00000013583,HEBP1,-1
3685_HECTD4_P1P2_ENSG00000173064,HECTD4,-1
3693_HERC1_P1P2_ENSG00000103657,HERC1,-1
3710_HEXIM1_P1P2_ENSG00000186834,HEXIM1,-1
3716_HGS_P1P2_ENSG00000185359,HGS,-1
3717_HHEX_P1P2_ENSG00000152804,HHEX,-1
3722_HIC2_P1_ENSG00000169635,HIC2,-1
3724_HIF1AN_P1P2_ENSG00000166135,HIF1AN,-1
3728_HIGD1A_P1P2_ENSG00000181061,HIGD1A,-1
3731_HINFP_P1P2_ENSG00000172273,HINFP,42
3736_HIPK1_P1P2_ENSG00000163349,HIPK1,-1
3738_HIPK3_P1_ENSG00000110422,HIPK3,4
373_AP2A1_P1P2_ENSG00000196961,AP2A1,-1
3740_HIRA_P2_ENSG00000100084,HIRA,-1
3742_HIRIP3_P1P2_ENSG00000149929,HIRIP3,6
375_AP2B1_P1P2_ENSG00000006125,AP2B1,-1
377_AP2M1_P1_ENSG00000161203,AP2M1,-1
3786_HIST2H2AB_P1P2_ENSG00000184270,HIST2H2AB,-1
378_AP2S1_P1P2_ENSG00000042753,AP2S1,32
3790_HIST2H3A_P1P2_ENSG00000203852,HIST2H3A,-1
3802_HJURP_P1P2_ENSG00000123485,HJURP,-1
3818_HMBOX1_P1P2_ENSG00000147421,HMBOX1,41
382_AP3M2_P1P2_ENSG00000070718,AP3M2,-1
3830_HMGB3_P1P2_ENSG00000029993,HMGB3,57
3839_HMGXB3_P1P2_ENSG00000113716,HMGXB3,-1
383_AP3S1_P1P2_ENSG00000177879,AP3S1,-1
3847_HMX3_P1P2_ENSG00000188620,HMX3,-1
3857_HNRNPA1_P1P2_ENSG00000135486,HNRNPA1,-1
3858_HNRNPA2B1_P1P2_ENSG00000122566,HNRNPA2B1,-1
3861_HNRNPC_P1P2_ENSG00000092199,HNRNPC,-1
3862_HNRNPDL_P1P2_ENSG00000152795,HNRNPDL,-1
3866_HNRNPH1_P1P2_ENSG00000169045,HNRNPH1,-1
3869_HNRNPK_P1P2_ENSG00000165119,HNRNPK,-1
3872_HNRNPL_P1_ENSG00000104824,HNRNPL,-1
3873_HNRNPM_P1_ENSG00000099783,HNRNPM,-1
3878_HNRNPU_P1P2_ENSG00000153187,HNRNPU,-1
3880_HOMER3_P1P2_ENSG00000051128,HOMER3,-1
3891_HOXA3_P2_ENSG00000105997,HOXA3,-1
3925_HOXD3_P1P2_ENSG00000128652,HOXD3,7
3935_HPS5_P1P2_ENSG00000110756,HPS5,-1
3946_HSCB_P1P2_ENSG00000100209,HSCB,-1
3948_HSD17B10_P1P2_ENSG00000072506,HSD17B10,-1
3950_HSD17B12_P1P2_ENSG00000149084,HSD17B12,54
3971_HSPA14_P1P2_ENSG00000284024,HSPA14,-1
3978_HSPA5_P1P2_ENSG00000044574,HSPA5,-1
3979_HSPA8_P1P2_ENSG00000109971,HSPA8,-1
3980_HSPA9_P1P2_ENSG00000113013,HSPA9,61
3981_HSPB11_P1P2_ENSG00000081870,HSPB11,-1
3985_HSPD1_P1P2_ENSG00000144381,HSPD1,61
3986_HSPE1_P1P2_ENSG00000115541,HSPE1,61
3988_HSPH1_P1P2_ENSG00000120694,HSPH1,7
3993_HUS1_P1P2_ENSG00000136273,HUS1,-1
3994_HUWE1_P1P2_ENSG00000086758,HUWE1,-1
3_AACS_P1P2_ENSG00000081760,AACS,-1
4003_IARS2_P1P2_ENSG00000067704,IARS2,61
4004_IARS_P1P2_ENSG00000196305,IARS,-1
4005_IBA57_P1P2_ENSG00000181873,IBA57,-1
4017_MRPL58_P1P2_ENSG00000167862,MRPL58,-1
4027_IDH3B_P1P2_ENSG00000101365,IDH3B,-1
4033_IER3IP1_P1P2_ENSG00000134049,IER3IP1,-1
4083_IKZF2_P1_ENSG00000030419,IKZF2,-1
4099_ILF2_P1P2_ENSG00000143621,ILF2,-1
4100_ILF3_P1P2_ENSG00000129351,ILF3,-1
4108_IMP4_P1P2_ENSG00000136718,IMP4,55
4110_IMPA2_P1P2_ENSG00000141401,IMPA2,55
4115_IMPDH2_P1P2_ENSG00000178035,IMPDH2,-1
4117_INF2_P1P2_ENSG00000203485,INF2,-1
4121_ING3_P1P2_ENSG00000071243,ING3,-1
4123_ING5_P1P2_ENSG00000168395,ING5,-1
4126_INO80B_P1P2_ENSG00000115274,INO80B,6
4127_INO80C_P1P2_ENSG00000153391,INO80C,6
4128_INO80D_P1P2_ENSG00000114933,INO80D,-1
4130_INO80_P1P2_ENSG00000128908,INO80,6
4139_INPPL1_P1P2_ENSG00000165458,INPPL1,48
4144_INTS10_P1P2_ENSG00000104613,INTS10,35
4146_INTS1_P1P2_ENSG00000164880,INTS1,21
4147_INTS2_P1P2_ENSG00000108506,INTS2,21
4148_INTS3_P1P2_ENSG00000143624,INTS3,28
4149_INTS4_P1P2_ENSG00000149262,INTS4,28
4150_INTS5_P1P2_ENSG00000185085,INTS5,21
4151_INTS6_P1P2_ENSG00000102786,INTS6,-1
4152_INTS7_P1P2_ENSG00000143493,INTS7,21
4153_INTS8_P1P2_ENSG00000164941,INTS8,21
4154_INTS9_P1P2_ENSG00000104299,INTS9,28
4161_IPO13_P1P2_ENSG00000117408,IPO13,5
4166_IPO9_P1P2_ENSG00000198700,IPO9,-1
4205_ISCA2_P1P2_ENSG00000165898,ISCA2,-1
4206_ISCU_P1P2_ENSG00000136003,ISCU,-1
4208_ISG20L2_P1P2_ENSG00000143319,ISG20L2,-1
4215_IST1_P1P2_ENSG00000182149,IST1,-1
421_COA8_P1P2_ENSG00000256053,COA8,2
4226_ITGB1BP1_P1P2_ENSG00000119185,ITGB1BP1,25
4234_ITPK1_P1P2_ENSG00000100605,ITPK1,-1
4244_IWS1_P1P2_ENSG00000163166,IWS1,14
4250_JAZF1_P1P2_ENSG00000153814,JAZF1,-1
4271_KANSL2_P1P2_ENSG00000139620,KANSL2,7
4272_KANSL3_P1P2_ENSG00000114982,KANSL3,7
4273_KARS_P1P2_ENSG00000065427,KARS,-1
4279_KAT7_P1P2_ENSG00000136504,KAT7,-1
4281_KAT8_P1_ENSG00000103510,KAT8,7
4285_KATNBL1_P1P2_ENSG00000134152,KATNBL1,-1
4291_KCMF1_P1P2_ENSG00000176407,KCMF1,-1
4312_POGLUT3_P1P2_ENSG00000178202,POGLUT3,51
4317_KDM1A_P1P2_ENSG00000004487,KDM1A,-1
4329_KDM5C_P1P2_ENSG00000126012,KDM5C,-1
4330_KDM6A_P1P2_ENSG00000147050,KDM6A,-1
4331_KDM8_P1P2_ENSG00000155666,KDM8,-1
4333_KEAP1_P1P2_ENSG00000079999,KEAP1,10
4351_KIAA0586_P1P2_ENSG00000100578,KIAA0586,-1
4357_ICE1_P1P2_ENSG00000164151,ICE1,28
4377_KIF15_P1P2_ENSG00000163808,KIF15,-1
4380_KIF18B_P1P2_ENSG00000186185,KIF18B,-1
4384_KIF20A_P1P2_ENSG00000112984,KIF20A,46
4401_KIN_P1P2_ENSG00000151657,KIN,-1
4433_KLHL12_P1P2_ENSG00000117153,KLHL12,-1
4434_KLHL17_P1P2_ENSG00000187961,KLHL17,-1
4461_KPNA4_P1P2_ENSG00000186432,KPNA4,-1
4463_KPNA6_P1P2_ENSG00000025800,KPNA6,-1
4464_KPNB1_P1P2_ENSG00000108424,KPNB1,-1
4470_KRI1_P1P2_ENSG00000129347,KRI1,55
4472_KRR1_P1P2_ENSG00000111615,KRR1,55
448_ARFGEF1_P1P2_ENSG00000066777,ARFGEF1,-1
4499_LAMB1_P1P2_ENSG00000091136,LAMB1,-1
4504_LAMTOR1_P1P2_ENSG00000149357,LAMTOR1,15
4507_LAMTOR3_P1P2_ENSG00000109270,LAMTOR3,15
4508_LAMTOR4_P1P2_ENSG00000188186,LAMTOR4,15
4520_LARP7_P1P2_ENSG00000174720,LARP7,-1
4521_LARS2_P1P2_ENSG00000011376,LARS2,-1
4522_LARS_P1P2_ENSG00000133706,LARS,61
4523_LAS1L_P1P2_ENSG00000001497,LAS1L,-1
4540_LDB1_P2_ENSG00000198728,LDB1,41
4552_LENG8_P1P2_ENSG00000167615,LENG8,-1
4553_LEO1_P1P2_ENSG00000166477,LEO1,13
4557_LETM1_P1P2_ENSG00000168924,LETM1,61
455_ARGLU1_P1P2_ENSG00000134884,ARGLU1,-1
4583_LIMD2_P1P2_ENSG00000136490,LIMD2,-1
4585_LIME1_P2_ENSG00000203896,LIME1,-1
4592_LIN37_P1P2_ENSG00000267796,LIN37,-1
4595_LIN54_P1_ENSG00000189308,LIN54,-1
4619_LMO2_P1P2_ENSG00000135363,LMO2,41
4624_LONP1_P1P2_ENSG00000196365,LONP1,-1
4635_LPIN1_P1P2_ENSG00000134324,LPIN1,-1
4645_LRIF1_P1P2_ENSG00000121931,LRIF1,-1
4649_LRP5_P1P2_ENSG00000162337,LRP5,-1
4653_LRPPRC_P1P2_ENSG00000138095,LRPPRC,60
4682_LRSAM1_P1P2_ENSG00000148356,LRSAM1,-1
4684_LSG1_P1P2_ENSG00000041802,LSG1,58
4685_LSM10_P1P2_ENSG00000181817,LSM10,42
4686_LSM11_P1P2_ENSG00000155858,LSM11,42
4691_LSM2_P1P2_ENSG00000204392,LSM2,28
4692_LSM3_P1P2_ENSG00000170860,LSM3,28
4694_LSM5_P2_ENSG00000106355,LSM5,28
4695_LSM5_P1_ENSG00000106355,LSM5,28
4696_LSM6_P1P2_ENSG00000164167,LSM6,28
4697_LSM7_P1P2_ENSG00000130332,LSM7,28
4707_LTBP4_P2_ENSG00000090006,LTBP4,-1
4712_LTN1_P1P2_ENSG00000198862,LTN1,-1
4713_LTV1_P1P2_ENSG00000135521,LTV1,55
4715_LUC7L2_P1_ENSG00000146963,LUC7L2,-1
4716_LUC7L3_P1P2_ENSG00000108848,LUC7L3,-1
4717_LUC7L_P1P2_ENSG00000007392,LUC7L,-1
471_ARHGAP6_P1P2_ENSG00000047648,ARHGAP6,42
4722_LYL1_P1P2_ENSG00000104903,LYL1,-1
4737_LZTR1_P1P2_ENSG00000099949,LZTR1,-1
4746_MAD2L1_P1P2_ENSG00000164109,MAD2L1,54
4751_MAF1_P1P2_ENSG00000179632,MAF1,-1
4752_MAFA_P1P2_ENSG00000182759,MAFA,-1
4778_MAGOH_P1P2_ENSG00000162385,MAGOH,5
4780_MAK16_P1P2_ENSG00000198042,MAK16,-1
4781_MALSU1_P1P2_ENSG00000156928,MALSU1,57
4784_MAN1A2_P1P2_ENSG00000198162,MAN1A2,-1
4805_MAP2K7_P1P2_ENSG00000076984,MAP2K7,-1
4828_MAPK1_P1P2_ENSG00000100030,MAPK1,-1
4835_MAPKAP1_P1_ENSG00000119487,MAPKAP1,-1
4842_MAPRE3_P1P2_ENSG00000084764,MAPRE3,-1
4856_MARS2_P1P2_ENSG00000247626,MARS2,-1
4857_MARS_P1P2_ENSG00000166986,MARS,-1
4859_MAST1_P1_ENSG00000105613,MAST1,-1
4863_MAT2A_P1P2_ENSG00000168906,MAT2A,-1
4865_MAT2B_P1_ENSG00000038274,MAT2B,-1
4868_MAU2_P1P2_ENSG00000129933,MAU2,-1
486_ARID1A_P1P2_ENSG00000117713,ARID1A,-1
4871_MAX_P1P2_ENSG00000125952,MAX,46
4875_MBD3_P1P2_ENSG00000071655,MBD3,-1
4877_MBD5_P1P2_ENSG00000204406,MBD5,-1
4879_MBIP_P1P2_ENSG00000151332,MBIP,34
4881_MBNL1_P1P2_ENSG00000152601,MBNL1,8
4888_MBTPS2_P1P2_ENSG00000012174,MBTPS2,-1
4893_MCEE_P1P2_ENSG00000124370,MCEE,-1
4897_MCM10_P1P2_ENSG00000065328,MCM10,49
4898_MCM2_P1P2_ENSG00000073111,MCM2,49
4899_MCM3AP_P1P2_ENSG00000160294,MCM3AP,-1
489_ARID2_P1P2_ENSG00000189079,ARID2,-1
4900_MCM3_P1P2_ENSG00000112118,MCM3,49
4901_MCM4_P1P2_ENSG00000104738,MCM4,49
4902_MCM5_P1P2_ENSG00000100297,MCM5,49
4903_MCM6_P1P2_ENSG00000076003,MCM6,49
4904_MCM7_P1P2_ENSG00000166508,MCM7,-1
4907_MCMBP_P1P2_ENSG00000197771,MCMBP,-1
4910_MCRS1_P1P2_ENSG00000187778,MCRS1,7
4911_MCTS1_P1P2_ENSG00000232119,MCTS1,-1
4912_MCUR1_P1P2_ENSG00000050393,MCUR1,23
4913_MCU_P1P2_ENSG00000156026,MCU,-1
4921_MDN1_P1P2_ENSG00000112159,MDN1,58
4926_MEAF6_P1P2_ENSG00000163875,MEAF6,-1
4930_MED10_P1P2_ENSG00000133398,MED10,51
4931_MED11_P1P2_ENSG00000161920,MED11,51
4932_MED12_P1P2_ENSG00000184634,MED12,51
4933_MED13L_P1P2_ENSG00000123066,MED13L,-1
4934_MED13_P1P2_ENSG00000108510,MED13,-1
4935_MED14_P1P2_ENSG00000180182,MED14,51
4937_MED15_P1_ENSG00000099917,MED15,-1
4938_MED16_P1P2_ENSG00000175221,MED16,-1
4939_MED17_P1P2_ENSG00000042429,MED17,51
4940_MED18_P1P2_ENSG00000130772,MED18,51
4941_MED19_P1P2_ENSG00000156603,MED19,51
4942_MED1_P1P2_ENSG00000125686,MED1,51
4943_MED20_P1P2_ENSG00000124641,MED20,51
4944_MED21_P1P2_ENSG00000152944,MED21,51
4945_MED22_P1P2_ENSG00000148297,MED22,51
4947_MED24_P1P2_ENSG00000008838,MED24,-1
4949_MED26_P1P2_ENSG00000105085,MED26,-1
4950_MED27_P1P2_ENSG00000160563,MED27,-1
4951_MED28_P1P2_ENSG00000118579,MED28,51
4953_MED30_P1P2_ENSG00000164758,MED30,51
4954_MED31_P1P2_ENSG00000108590,MED31,-1
4955_MED4_P1P2_ENSG00000136146,MED4,-1
4956_MED6_P1P2_ENSG00000133997,MED6,51
4957_MED7_P1P2_ENSG00000155868,MED7,51
4958_MED8_P1P2_ENSG00000159479,MED8,51
4959_MED9_P1P2_ENSG00000141026,MED9,51
4960_MEF2A_P1P2_ENSG00000068305,MEF2A,20
4969_MEIS3_P1_ENSG00000105419,MEIS3,33
496_ARID5B_ENST00000279873.7_ENSG00000150347,ARID5B,35
4973_MEN1_P1P2_ENSG00000133895,MEN1,-1
497_ARIH1_P1P2_ENSG00000166233,ARIH1,-1
4985_METAP2_P1P2_ENSG00000111142,METAP2,-1
4991_METTL14_P1P2_ENSG00000145388,METTL14,3
4994_METTL16_P1P2_ENSG00000127804,METTL16,-1
4995_METTL17_P1P2_ENSG00000165792,METTL17,-1
4997_METTL1_P1P2_ENSG00000037897,METTL1,-1
4998_METTL21A_P1P2_ENSG00000144401,METTL21A,17
5004_METTL3_P1P2_ENSG00000165819,METTL3,3
5016_MFAP1_P1P2_ENSG00000140259,MFAP1,-1
5022_MFN2_P1_ENSG00000116688,MFN2,-1
5038_MGAT4B_P1P2_ENSG00000161013,MGAT4B,-1
5043_MGRN1_P1P2_ENSG00000102858,MGRN1,11
5058_MICA_P1P2_ENSG00000204520,MICA,-1
5068_MIER1_P1_ENSG00000198160,MIER1,-1
5074_MIIP_P1P2_ENSG00000116691,MIIP,-1
5077_MICOS10_P1P2_ENSG00000173436,MICOS10,-1
5079_MIOS_P1P2_ENSG00000164654,MIOS,45
5080_MIPEP_P1P2_ENSG00000027001,MIPEP,-1
5082_MIS12_P1P2_ENSG00000167842,MIS12,29
5083_MIS18A_P1P2_ENSG00000159055,MIS18A,-1
5084_MIS18BP1_P1P2_ENSG00000129534,MIS18BP1,-1
5089_NIFK_P1P2_ENSG00000155438,NIFK,-1
5112_MLLT1_P1P2_ENSG00000130382,MLLT1,-1
5114_MLLT6_P1P2_ENSG00000275023,MLLT6,-1
5125_MMP17_P1P2_ENSG00000198598,MMP17,28
5127_MMS22L_P1P2_ENSG00000146263,MMS22L,49
5128_MNAT1_P1P2_ENSG00000020426,MNAT1,52
5130_MNT_P1P2_ENSG00000070444,MNT,-1
5138_MOB4_P1P2_ENSG00000115540,MOB4,45
5146_MON1A_P1P2_ENSG00000164077,MON1A,36
5162_MPG_P1P2_ENSG00000103152,MPG,-1
5163_MPHOSPH10_P1P2_ENSG00000124383,MPHOSPH10,55
5164_MPHOSPH6_P1P2_ENSG00000135698,MPHOSPH6,-1
517_ARL6IP6_P1P2_ENSG00000177917,ARL6IP6,-1
5190_MRGBP_P1P2_ENSG00000101189,MRGBP,-1
5192_MRM1_P1P2_ENSG00000278619,MRM1,55
5193_MRPL10_P1P2_ENSG00000159111,MRPL10,57
5194_MRPL11_P1P2_ENSG00000174547,MRPL11,57
5196_MRPL13_P1P2_ENSG00000172172,MRPL13,57
5197_MRPL14_P1P2_ENSG00000180992,MRPL14,57
5198_MRPL15_P1P2_ENSG00000137547,MRPL15,-1
5199_MRPL16_P1P2_ENSG00000166902,MRPL16,57
5200_MRPL17_P1P2_ENSG00000158042,MRPL17,57
5201_MRPL18_P1P2_ENSG00000112110,MRPL18,57
5202_MRPL19_P1P2_ENSG00000115364,MRPL19,57
5203_MRPL1_P1P2_ENSG00000169288,MRPL1,-1
5204_MRPL20_P1P2_ENSG00000242485,MRPL20,-1
5206_MRPL22_P1P2_ENSG00000082515,MRPL22,57
5207_MRPL23_P1P2_ENSG00000214026,MRPL23,57
5208_MRPL24_P1P2_ENSG00000143314,MRPL24,57
5209_MRPL27_P1P2_ENSG00000108826,MRPL27,57
5210_MRPL28_P1P2_ENSG00000086504,MRPL28,-1
5211_MRPL2_P1P2_ENSG00000112651,MRPL2,57
5214_MRPL32_P1P2_ENSG00000106591,MRPL32,-1
5215_MRPL33_P1P2_ENSG00000243147,MRPL33,57
5216_MRPL34_P1P2_ENSG00000130312,MRPL34,-1
5217_MRPL35_P1P2_ENSG00000132313,MRPL35,57
5218_MRPL36_P1P2_ENSG00000171421,MRPL36,57
5219_MRPL37_P1P2_ENSG00000116221,MRPL37,57
5220_MRPL38_P1P2_ENSG00000204316,MRPL38,57
5221_MRPL39_P1P2_ENSG00000154719,MRPL39,57
5222_MRPL3_P1P2_ENSG00000114686,MRPL3,57
5224_MRPL41_P1P2_ENSG00000182154,MRPL41,57
5225_MRPL42_P1P2_ENSG00000198015,MRPL42,57
5226_MRPL43_P1P2_ENSG00000055950,MRPL43,57
5227_MRPL44_P1P2_ENSG00000135900,MRPL44,57
5229_MRPL46_P1P2_ENSG00000259494,MRPL46,-1
5233_MRPL4_P1P2_ENSG00000105364,MRPL4,57
5234_MRPL50_P1P2_ENSG00000136897,MRPL50,57
5235_MRPL51_P1P2_ENSG00000111639,MRPL51,57
5236_MRPL52_P1P2_ENSG00000172590,MRPL52,-1
5237_MRPL53_P1P2_ENSG00000204822,MRPL53,57
5238_MRPL54_P1P2_ENSG00000183617,MRPL54,-1
5239_MRPL55_P1P2_ENSG00000162910,MRPL55,57
5240_MRPL9_P1P2_ENSG00000143436,MRPL9,57
5241_MRPS10_P1P2_ENSG00000048544,MRPS10,-1
5242_MRPS11_P1P2_ENSG00000181991,MRPS11,-1
5243_MRPS12_P1P2_ENSG00000128626,MRPS12,-1
5244_MRPS14_P1P2_ENSG00000120333,MRPS14,-1
5245_MRPS15_P1P2_ENSG00000116898,MRPS15,-1
5246_MRPS16_P1P2_ENSG00000182180,MRPS16,-1
5247_MRPS17_P1P2_ENSG00000239789,MRPS17,-1
5248_MRPS18A_P1P2_ENSG00000096080,MRPS18A,57
5249_MRPS18B_P1P2_ENSG00000204568,MRPS18B,-1
524_ARMC7_P1P2_ENSG00000125449,ARMC7,-1
5250_MRPS18C_P1P2_ENSG00000163319,MRPS18C,-1
5251_MRPS21_P1P2_ENSG00000266472,MRPS21,62
5252_MRPS22_P1P2_ENSG00000175110,MRPS22,-1
5253_MRPS23_P1P2_ENSG00000181610,MRPS23,62
5254_MRPS24_P1P2_ENSG00000062582,MRPS24,-1
5255_MRPS25_P1P2_ENSG00000131368,MRPS25,-1
5256_MRPS26_P1P2_ENSG00000125901,MRPS26,-1
5257_MRPS27_P1P2_ENSG00000113048,MRPS27,-1
5258_MRPS28_P1P2_ENSG00000147586,MRPS28,62
5259_MRPS2_P1P2_ENSG00000122140,MRPS2,-1
5260_MRPS30_P1P2_ENSG00000112996,MRPS30,57
5261_MRPS31_P1P2_ENSG00000102738,MRPS31,-1
5262_MRPS33_P1P2_ENSG00000090263,MRPS33,62
5263_MRPS34_P1P2_ENSG00000074071,MRPS34,-1
5264_MRPS35_P1P2_ENSG00000061794,MRPS35,62
5266_MRPS5_P1P2_ENSG00000144029,MRPS5,-1
5267_MRPS6_P1P2_ENSG00000243927,MRPS6,-1
5268_MRPS7_P1P2_ENSG00000125445,MRPS7,-1
5269_MRPS9_P1P2_ENSG00000135972,MRPS9,-1
5277_MSANTD4_P1P2_ENSG00000170903,MSANTD4,-1
5281_MSH3_P1P2_ENSG00000113318,MSH3,-1
5285_MSL1_P1P2_ENSG00000188895,MSL1,-1
5287_MSL3_P1P2_ENSG00000005302,MSL3,-1
5302_MTBP_P1P2_ENSG00000172167,MTBP,49
5305_MTCP1_P1P2_ENSG00000214827,MTCP1,-1
5307_MTF1_P1P2_ENSG00000188786,MTF1,-1
5317_MTHFD1_P1P2_ENSG00000100714,MTHFD1,-1
5326_MTIF2_P1P2_ENSG00000085760,MTIF2,-1
5327_MTIF3_P1P2_ENSG00000122033,MTIF3,-1
5332_MTMR1_P1P2_ENSG00000063601,MTMR1,-1
5339_MTOR_P1P2_ENSG00000198793,MTOR,45
5340_MTPAP_P1P2_ENSG00000107951,MTPAP,60
5342_MTRF1L_P1P2_ENSG00000112031,MTRF1L,-1
534_ARPC1B_P1P2_ENSG00000130429,ARPC1B,42
5353_MUTYH_P1P2_ENSG00000132781,MUTYH,-1
5356_MVD_P1P2_ENSG00000167508,MVD,-1
5357_MVK_P1P2_ENSG00000110921,MVK,-1
5360_MXD4_P1P2_ENSG00000123933,MXD4,-1
5364_MXRA8_P1P2_ENSG00000162576,MXRA8,-1
5365_MYBBP1A_P1P2_ENSG00000132382,MYBBP1A,-1
5368_MYB_P1P2_ENSG00000118513,MYB,31
5371_MYCL_P1P2_ENSG00000116990,MYCL,-1
5372_MYCN_P1_ENSG00000134323,MYCN,-1
5410_MYSM1_P1P2_ENSG00000162601,MYSM1,34
5414_MZT1_P1P2_ENSG00000204899,MZT1,-1
5416_MZT2B_P1P2_ENSG00000152082,MZT2B,-1
541_ARPC4_P1P2_ENSG00000241553,ARPC4,26
5420_N6AMT1_P1P2_ENSG00000156239,N6AMT1,-1
5422_NAA10_P1P2_ENSG00000102030,NAA10,-1
5424_NAA15_P1P2_ENSG00000164134,NAA15,-1
5426_NAA20_P1P2_ENSG00000173418,NAA20,-1
5427_NAA25_P1P2_ENSG00000111300,NAA25,-1
5428_NAA30_P1P2_ENSG00000139977,NAA30,10
5429_NAA35_P1P2_ENSG00000135040,NAA35,10
5435_NAB1_P1P2_ENSG00000138386,NAB1,-1
5441_NACA_P1P2_ENSG00000196531,NACA,-1
5448_NAE1_P1P2_ENSG00000159593,NAE1,17
5449_NAF1_P1P2_ENSG00000145414,NAF1,55
5455_NAMPT_P1P2_ENSG00000105835,NAMPT,-1
5467_NARS2_P1P2_ENSG00000137513,NARS2,57
5468_NARS_P1P2_ENSG00000134440,NARS,61
5476_NBAS_P1P2_ENSG00000151779,NBAS,53
547_ARRB2_P1P2_ENSG00000141480,ARRB2,-1
5493_NCBP1_P1P2_ENSG00000136937,NCBP1,50
5494_NCBP2_P1P2_ENSG00000114503,NCBP2,50
5495_NCDN_P1P2_ENSG00000020129,NCDN,-1
5499_NCKAP1_P1P2_ENSG00000061676,NCKAP1,41
5501_NCKIPSD_P1P2_ENSG00000213672,NCKIPSD,-1
5504_NCL_P1_ENSG00000115053,NCL,-1
552_ARRDC4_P1P2_ENSG00000140450,ARRDC4,-1
5536_NDUFA3_P1P2_ENSG00000170906,NDUFA3,-1
5539_NDUFA6_P1P2_ENSG00000184983,NDUFA6,-1
5541_NDUFA8_P1P2_ENSG00000119421,NDUFA8,-1
5542_NDUFA9_ENST00000266544.5_ENSG00000139180,NDUFA9,-1
5543_NDUFAB1_P1P2_ENSG00000004779,NDUFAB1,-1
5548_NDUFAF5_P1P2_ENSG00000101247,NDUFAF5,-1
5551_NDUFB10_P1P2_ENSG00000140990,NDUFB10,-1
5552_NDUFB11_P1P2_ENSG00000147123,NDUFB11,-1
5553_NDUFB1_P1P2_ENSG00000183648,NDUFB1,-1
5556_NDUFB4_P1P2_ENSG00000065518,NDUFB4,-1
5560_NDUFB8_P1P2_ENSG00000166136,NDUFB8,-1
5561_NDUFB9_P1P2_ENSG00000147684,NDUFB9,-1
5563_NDUFC1_P1_ENSG00000109390,NDUFC1,-1
5566_NDUFS2_P1P2_ENSG00000158864,NDUFS2,-1
5569_NDUFS5_P1_ENSG00000168653,NDUFS5,-1
5576_NDUFV2_P1P2_ENSG00000178127,NDUFV2,-1
5582_NECAP2_P1P2_ENSG00000157191,NECAP2,-1
5587_NEDD8-MDP1_P1P2_nan,NEDD8-MDP1,17
5588_NEDD8_P1P2_ENSG00000129559,NEDD8,17
5598_NELFA_P1P2_ENSG00000185049,NELFA,24
5599_NELFB_P1P2_ENSG00000188986,NELFB,24
5600_NELFCD_P1P2_ENSG00000101158,NELFCD,24
5601_NELFE_P1P2_ENSG00000204356,NELFE,24
5619_NF1_P1P2_ENSG00000196712,NF1,-1
5637_NFIC_P1_ENSG00000141905,NFIC,-1
5649_NFKBIE_P1P2_ENSG00000146232,NFKBIE,-1
5651_NFRKB_P1P2_ENSG00000170322,NFRKB,6
5652_NFS1_P1P2_ENSG00000244005,NFS1,-1
5658_NFYC_P1P2_ENSG00000066136,NFYC,-1
5660_NGLY1_P1P2_ENSG00000151092,NGLY1,-1
5661_NGRN_P1P2_ENSG00000182768,NGRN,-1
5665_NHLRC2_P1P2_ENSG00000196865,NHLRC2,-1
5667_NHP2_P1P2_ENSG00000145912,NHP2,-1
5673_NIP7_P1P2_ENSG00000132603,NIP7,58
5677_NIPBL_P1P2_ENSG00000164190,NIPBL,-1
567_ASB6_P1P2_ENSG00000148331,ASB6,-1
5699_NKX6-1_P1P2_ENSG00000163623,NKX6-1,33
5702_NLE1_P1P2_ENSG00000073536,NLE1,58
5707_NMD3_P1P2_ENSG00000169251,NMD3,-1
5726_NOB1_P1P2_ENSG00000141101,NOB1,55
572_ASCC3_P1P2_ENSG00000112249,ASCC3,-1
5730_NOC3L_P1P2_ENSG00000173145,NOC3L,-1
5731_NOC4L_P1P2_ENSG00000184967,NOC4L,55
5732_NOL10_P1P2_ENSG00000115761,NOL10,-1
5733_NOL11_P1P2_ENSG00000130935,NOL11,59
5734_NOL12_P1P2_ENSG00000273899,NOL12,-1
5735_NOL6_P1P2_ENSG00000165271,NOL6,55
5736_NOL7_P1P2_ENSG00000225921,NOL7,-1
5737_NOL8_P1P2_ENSG00000198000,NOL8,58
5738_NOL9_P1P2_ENSG00000162408,NOL9,-1
5739_NOLC1_P1P2_ENSG00000166197,NOLC1,-1
5740_NOM1_P1P2_ENSG00000146909,NOM1,-1
5741_NOMO1_P1P2_ENSG00000103512,NOMO1,-1
5743_NOMO3_P1P2_ENSG00000103226,NOMO3,-1
5744_NONO_P1P2_ENSG00000147140,NONO,-1
5745_NOP10_P1P2_ENSG00000182117,NOP10,55
5746_NOP14_P1P2_ENSG00000087269,NOP14,-1
5747_NOP16_P1P2_ENSG00000048162,NOP16,58
5748_NOP2_P1P2_ENSG00000111641,NOP2,-1
5750_NOP58_P1P2_ENSG00000055044,NOP58,55
5764_NPC1_P1P2_ENSG00000141458,NPC1,4
5772_NPRL2_P1P2_ENSG00000114388,NPRL2,-1
5789_NR2C2AP_P1P2_ENSG00000184162,NR2C2AP,-1
5791_NR2E1_P1P2_ENSG00000112333,NR2E1,-1
5794_NR2F2_P1P2_ENSG00000185551,NR2F2,-1
5809_NRBP1_P1P2_ENSG00000115216,NRBP1,-1
5810_NRDE2_P1P2_ENSG00000119720,NRDE2,-1
5811_NRF1_P1P2_ENSG00000106459,NRF1,-1
5821_NSA2_P1P2_ENSG00000164346,NSA2,-1
5822_NSD1_P1P2_ENSG00000165671,NSD1,-1
5826_NSL1_P1P2_ENSG00000117697,NSL1,-1
5834_NSUN4_P1P2_ENSG00000117481,NSUN4,-1
5851_NUB1_P1P2_ENSG00000013374,NUB1,-1
5852_NUBP1_P1P2_ENSG00000103274,NUBP1,-1
5858_NUDCD1_P1P2_ENSG00000120526,NUDCD1,-1
585_GET3_P1P2_ENSG00000198356,GET3,-1
5860_NUDCD3_P1P2_ENSG00000015676,NUDCD3,-1
5861_NUDC_P1P2_ENSG00000090273,NUDC,-1
5864_NUDT15_P1P2_ENSG00000136159,NUDT15,-1
5869_NUDT21_P1P2_ENSG00000167005,NUDT21,19
5879_NUFIP1_P1P2_ENSG00000083635,NUFIP1,-1
5881_NUMA1_ENST00000393695.3_ENSG00000137497,NUMA1,52
5886_NUP133_P1P2_ENSG00000069248,NUP133,-1
5887_NUP153_P1P2_ENSG00000124789,NUP153,-1
588_ASPH_P1P2_ENSG00000198363,ASPH,-1
5890_NUP188_P1P2_ENSG00000095319,NUP188,-1
5893_NUP214_P1P2_ENSG00000126883,NUP214,-1
5896_NUP43_P1P2_ENSG00000120253,NUP43,-1
5898_NUP54_P1P2_ENSG00000138750,NUP54,23
5900_NUP62_P1P2_ENSG00000213024,NUP62,23
5901_NUP85_P1P2_ENSG00000125450,NUP85,-1
5902_NUP88_P1P2_ENSG00000108559,NUP88,-1
5909_NVL_P1P2_ENSG00000143748,NVL,58
5912_NXT1_P1P2_ENSG00000132661,NXT1,-1
5928_OGFOD1_P1P2_ENSG00000087263,OGFOD1,19
5933_OGT_P1P2_ENSG00000147162,OGT,-1
5944_OPA1_P1P2_ENSG00000198836,OPA1,-1
594_INTS13_P1P2_ENSG00000064102,INTS13,35
595_ASXL1_P1P2_ENSG00000171456,ASXL1,-1
5965_ORC1_P1P2_ENSG00000085840,ORC1,-1
5968_ORC4_P1P2_ENSG00000115947,ORC4,-1
5969_ORC5_P1P2_ENSG00000164815,ORC5,49
5970_ORC6_P1P2_ENSG00000091651,ORC6,-1
6006_OXA1L_P1P2_ENSG00000155463,OXA1L,61
6007_OXCT1_P1P2_ENSG00000083720,OXCT1,4
6021_PA2G4_P1P2_ENSG00000170515,PA2G4,-1
6025_PABPC4_P1P2_ENSG00000090621,PABPC4,-1
6026_PABPN1_P1P2_ENSG00000100836,PABPN1,8
6029_PACS2_P1P2_ENSG00000179364,PACS2,1
602_ATAD5_P1P2_ENSG00000176208,ATAD5,-1
6040_PAICS_P1P2_ENSG00000128050,PAICS,-1
6044_PAK1_ENST00000356341.3_ENSG00000149269,PAK1,-1
6050_PAM16_P1P2_ENSG00000217930,PAM16,61
6053_PAN2_P1P2_ENSG00000135473,PAN2,-1
6062_PAPOLA_P1P2_ENSG00000090060,PAPOLA,51
6073_PARN_P1P2_ENSG00000140694,PARN,-1
6074_PARP12_P1P2_ENSG00000059378,PARP12,-1
6076_PARP1_P1P2_ENSG00000143799,PARP1,-1
607_ATF4_P1P2_ENSG00000128272,ATF4,-1
6085_PATL1_P1P2_ENSG00000166889,PATL1,-1
608_ATF5_P1P2_ENSG00000169136,ATF5,23
6098_PAXBP1_P1P2_ENSG00000159086,PAXBP1,-1
6102_PBRM1_P1P2_ENSG00000163939,PBRM1,-1
6110_PCBP1_P1P2_ENSG00000169564,PCBP1,-1
6111_PCBP2_P1_ENSG00000197111,PCBP2,-1
611_ATF7IP2_P1P2_ENSG00000166669,ATF7IP2,-1
6127_PCID2_P1_ENSG00000126226,PCID2,-1
6131_PCM1_P1P2_ENSG00000078674,PCM1,7
6138_PCNX3_P1P2_ENSG00000197136,PCNX3,9
6147_PCYT1A_P1P2_ENSG00000161217,PCYT1A,-1
6150_PDAP1_P1P2_ENSG00000106244,PDAP1,-1
6152_PDCD11_P1P2_ENSG00000148843,PDCD11,55
6154_PDCD2_P1P2_ENSG00000071994,PDCD2,-1
6175_PDHA1_P1P2_ENSG00000131828,PDHA1,34
6181_PDIA6_P1P2_ENSG00000143870,PDIA6,-1
6188_PDLIM4_P1P2_ENSG00000131435,PDLIM4,-1
6189_PDLIM5_P1P2_ENSG00000163110,PDLIM5,-1
6193_PDPK1_P1P2_ENSG00000140992,PDPK1,-1
6195_PDRG1_P1P2_ENSG00000088356,PDRG1,52
6214_PELO_P1_ENSG00000152684,PELO,-1
6215_PELP1_P1P2_ENSG00000141456,PELP1,-1
6219_PES1_P1P2_ENSG00000100029,PES1,58
6221_PET117_P1P2_ENSG00000232838,PET117,34
6228_PEX19_P1P2_ENSG00000162735,PEX19,-1
6229_PEX1_P1P2_ENSG00000127980,PEX1,-1
6236_PFAS_P1P2_ENSG00000178921,PFAS,-1
6238_PFDN2_P1P2_ENSG00000143256,PFDN2,52
6249_PFN1_P1P2_ENSG00000108518,PFN1,-1
6250_PGAM1_P1P2_ENSG00000171314,PGAM1,44
6251_PGAM5_P1P2_ENSG00000247077,PGAM5,-1
6256_PGD_P1P2_ENSG00000142657,PGD,-1
6258_PGK1_P1P2_ENSG00000102144,PGK1,44
6261_PGM2_P1P2_ENSG00000169299,PGM2,-1
6268_PGS1_P1P2_ENSG00000087157,PGS1,61
6274_PHAX_P1_ENSG00000164902,PHAX,28
6275_PHB2_P1P2_ENSG00000215021,PHB2,61
6276_PHB_P1P2_ENSG00000167085,PHB,61
6280_PHF12_P1P2_ENSG00000109118,PHF12,-1
6284_PHF1_P1P2_ENSG00000112511,PHF1,-1
6288_PHF23_P1P2_ENSG00000040633,PHF23,-1
6291_PHF5A_P1P2_ENSG00000100410,PHF5A,28
629_ATIC_P1P2_ENSG00000138363,ATIC,-1
62_ABT1_P1P2_ENSG00000146109,ABT1,55
6319_PIAS1_P1P2_ENSG00000033800,PIAS1,9
6324_PIBF1_P1P2_ENSG00000083535,PIBF1,8
6361_PIKFYVE_P1P2_ENSG00000115020,PIKFYVE,-1
6372_PIP4K2C_P1P2_ENSG00000166908,PIP4K2C,-1
6383_PITRM1_P1P2_ENSG00000107959,PITRM1,-1
6396_PKM_P1_ENSG00000067225,PKM,-1
640_ATP11B_P1P2_ENSG00000058063,ATP11B,-1
6437_PLEKHA5_P1P2_ENSG00000052126,PLEKHA5,-1
6438_PLEKHA8_P1P2_ENSG00000106086,PLEKHA8,-1
6458_PLOD3_P1P2_ENSG00000106397,PLOD3,-1
645_ATP1A1_P1P2_ENSG00000163399,ATP1A1,-1
6474_PMF1_P1P2_ENSG00000160783,PMF1,29
6479_PMPCA_P1P2_ENSG00000165688,PMPCA,61
6480_PMPCB_P1_ENSG00000105819,PMPCB,61
6486_PNISR_P1_ENSG00000132424,PNISR,-1
6493_PNO1_P1P2_ENSG00000115946,PNO1,55
6499_PNPT1_P1P2_ENSG00000138035,PNPT1,60
6513_POLA2_P1P2_ENSG00000014138,POLA2,49
6515_POLD1_P1P2_ENSG00000062822,POLD1,49
6516_POLD2_P1P2_ENSG00000106628,POLD2,49
6517_POLD3_P1P2_ENSG00000077514,POLD3,49
6521_POLE2_P1P2_ENSG00000100479,POLE2,-1
6523_POLE4_P1P2_ENSG00000115350,POLE4,-1
6525_POLG2_P1P2_ENSG00000256525,POLG2,-1
6526_POLG_P1P2_ENSG00000140521,POLG,-1
6529_POLL_P1P2_ENSG00000166169,POLL,-1
6533_POLR1A_P1P2_ENSG00000068654,POLR1A,59
6534_POLR1B_P1P2_ENSG00000125630,POLR1B,59
6536_POLR1C_P1_ENSG00000171453,POLR1C,59
6537_POLR1D_P1_ENSG00000186184,POLR1D,59
6539_POLR1E_P1P2_ENSG00000137054,POLR1E,59
653_ATP5F1A_P1_ENSG00000152234,ATP5F1A,61
6540_POLR2A_P1P2_ENSG00000181222,POLR2A,-1
6541_POLR2B_P1P2_ENSG00000047315,POLR2B,52
6542_POLR2C_P1P2_ENSG00000102978,POLR2C,52
6546_POLR2E_P1_ENSG00000099817,POLR2E,-1
6547_POLR2F_P1P2_ENSG00000100142,POLR2F,52
6548_POLR2G_P1P2_ENSG00000168002,POLR2G,52
6549_POLR2H_P1P2_ENSG00000163882,POLR2H,-1
654_ATP5F1B_P1P2_ENSG00000110955,ATP5F1B,61
6550_POLR2I_P1P2_ENSG00000105258,POLR2I,-1
6554_POLR2M_P1P2_ENSG00000255529,POLR2M,-1
6556_POLR3B_P1P2_ENSG00000013503,POLR3B,-1
6557_POLR3C_P1P2_ENSG00000186141,POLR3C,-1
6558_POLR3D_P1P2_ENSG00000168495,POLR3D,-1
6559_POLR3E_P1P2_ENSG00000058600,POLR3E,-1
655_ATP5F1C_P1P2_ENSG00000165629,ATP5F1C,-1
6560_POLR3F_P1P2_ENSG00000132664,POLR3F,-1
6564_POLR3K_P1P2_ENSG00000161980,POLR3K,-1
6565_POLRMT_P1P2_ENSG00000099821,POLRMT,60
656_ATP5F1D_P1P2_ENSG00000099624,ATP5F1D,-1
6574_POP1_P1P2_ENSG00000104356,POP1,55
6575_POP4_P1P2_ENSG00000105171,POP4,55
6576_POP5_P1P2_ENSG00000167272,POP5,55
6577_POP7_P1P2_ENSG00000172336,POP7,-1
6590_POU3F1_P1P2_ENSG00000185668,POU3F1,-1
6603_PPA1_P1P2_ENSG00000180817,PPA1,-1
6605_PPAN_P1P2_ENSG00000130810,PPAN,58
6608_PPARGC1B_P1P2_ENSG00000155846,PPARGC1B,-1
6614_PPCS_P1P2_ENSG00000127125,PPCS,-1
6625_PPIE_P1P2_ENSG00000084072,PPIE,-1
6628_PPIH_P1P2_ENSG00000171960,PPIH,-1
662_ATP5PD_P1P2_ENSG00000167863,ATP5PD,61
6632_PPIL4_P1P2_ENSG00000131013,PPIL4,-1
663_ATP5ME_P1P2_ENSG00000169020,ATP5ME,-1
6648_PPP1CA_P1_ENSG00000172531,PPP1CA,7
664_ATP5MF_P1P2_ENSG00000241468,ATP5MF,-1
6650_PPP1CB_P1P2_ENSG00000213639,PPP1CB,-1
6651_PPP1CC_P1P2_ENSG00000186298,PPP1CC,-1
6653_PPP1R11_P1P2_ENSG00000204619,PPP1R11,-1
6661_PPP1R15B_P1P2_ENSG00000158615,PPP1R15B,-1
666_ATP5MG_P1P2_ENSG00000167283,ATP5MG,-1
6671_PPP1R37_P1P2_ENSG00000104866,PPP1R37,45
6676_PPP1R8_P1P2_ENSG00000117751,PPP1R8,-1
6678_PPP2CA_P1P2_ENSG00000113575,PPP2CA,-1
6679_PPP2CB_P1P2_ENSG00000104695,PPP2CB,45
667_ATP5PO_P1P2_ENSG00000241837,ATP5PO,-1
6681_PPP2R1A_P1_ENSG00000105568,PPP2R1A,-1
6693_PPP3CB_P1P2_ENSG00000107758,PPP3CB,-1
6696_PPP4C_P1P2_ENSG00000149923,PPP4C,-1
6698_PPP4R2_P1P2_ENSG00000163605,PPP4R2,-1
6704_PPRC1_P1P2_ENSG00000148840,PPRC1,-1
670_ATP6AP1_P1P2_ENSG00000071553,ATP6AP1,32
6710_PQBP1_P1P2_ENSG00000102103,PQBP1,-1
6717_PRCC_P1P2_ENSG00000143294,PRCC,-1
671_ATP6AP2_P1P2_ENSG00000182220,ATP6AP2,-1
6722_PRDM13_P1P2_ENSG00000112238,PRDM13,-1
6728_PRDM4_P1P2_ENSG00000110851,PRDM4,-1
6731_PRDM8_P2_ENSG00000152784,PRDM8,41
6741_PRELID1_P1P2_ENSG00000169230,PRELID1,-1
6748_PRIM2_P1P2_ENSG00000146143,PRIM2,49
6760_PRKCA_P1P2_ENSG00000154229,PRKCA,-1
6762_PRKCI_P1P2_ENSG00000163558,PRKCI,-1
6769_PRKRA_P1P2_ENSG00000180228,PRKRA,-1
6772_THAP12_P1P2_ENSG00000137492,THAP12,-1
6774_PRMT1_P1P2_ENSG00000126457,PRMT1,-1
6776_PRMT3_P1P2_ENSG00000185238,PRMT3,-1
6777_PRMT5_P1_ENSG00000100462,PRMT5,-1
6792_PRPF19_P1P2_ENSG00000110107,PRPF19,20
6795_PRPF38B_P1P2_ENSG00000134186,PRPF38B,-1
6796_PRPF39_P1P2_ENSG00000185246,PRPF39,-1
6798_PRPF40A_P1P2_ENSG00000196504,PRPF40A,-1
679_ATP6V1A_P1P2_ENSG00000114573,ATP6V1A,32
6800_PRPF4B_P1P2_ENSG00000112739,PRPF4B,-1
6801_PRPF4_P1P2_ENSG00000136875,PRPF4,28
6802_PRPF6_P1P2_ENSG00000101161,PRPF6,28
6803_PRPF8_P1P2_ENSG00000174231,PRPF8,-1
680_ATP6V1B2_P1P2_ENSG00000147416,ATP6V1B2,38
6819_PRRC2A_P1P2_ENSG00000204469,PRRC2A,-1
681_ATP6V1C1_P1P2_ENSG00000155097,ATP6V1C1,-1
6828_PRSS50_P2_nan,PRSS50,-1
6842_PSMA2_P1P2_ENSG00000106588,PSMA2,-1
6843_PSMA3_P1P2_ENSG00000100567,PSMA3,-1
6844_PSMA4_P1P2_ENSG00000041357,PSMA4,40
6849_PSMB1_P1P2_ENSG00000008018,PSMB1,-1
6855_PSMB6_P1_ENSG00000142507,PSMB6,-1
6856_PSMB7_P1P2_ENSG00000136930,PSMB7,40
6857_PSMC1_P1P2_ENSG00000100764,PSMC1,40
6858_PSMC2_P1P2_ENSG00000161057,PSMC2,40
6860_PSMC3_P1P2_ENSG00000165916,PSMC3,-1
6861_PSMC4_P1P2_ENSG00000013275,PSMC4,40
6863_PSMC6_P1P2_ENSG00000100519,PSMC6,-1
6865_PSMD11_P1P2_ENSG00000108671,PSMD11,-1
6866_PSMD12_P1P2_ENSG00000197170,PSMD12,40
6867_PSMD13_P1P2_ENSG00000185627,PSMD13,40
686_ATP6V1G1_P1P2_ENSG00000136888,ATP6V1G1,32
6870_PSMD2_P1P2_ENSG00000175166,PSMD2,40
6872_PSMD4_P1P2_ENSG00000159352,PSMD4,40
6874_PSMD6_P1P2_ENSG00000163636,PSMD6,40
6875_PSMD7_P1P2_ENSG00000103035,PSMD7,40
6878_PSME1_P1P2_ENSG00000092010,PSME1,-1
687_ATP6V1H_P1P2_ENSG00000047249,ATP6V1H,32
6880_PSME3_P1P2_ENSG00000131467,PSME3,-1
6883_PSMG1_P1P2_ENSG00000183527,PSMG1,3
6886_PSMG3_P1_ENSG00000157778,PSMG3,40
6887_PSMG4_P1P2_ENSG00000180822,PSMG4,55
6900_PTCD1_P2_ENSG00000106246,PTCD1,57
6902_PTCD3_P1P2_ENSG00000132300,PTCD3,-1
6905_PTEN_P1P2_ENSG00000171862,PTEN,-1
6912_PTGR2_P1P2_ENSG00000140043,PTGR2,31
6916_PTMA_P1P2_ENSG00000187514,PTMA,-1
691_ATP8B2_P2_ENSG00000143515,ATP8B2,-1
6922_PTPMT1_P1P2_ENSG00000110536,PTPMT1,-1
6923_PTPN11_P1P2_ENSG00000179295,PTPN11,48
6927_PTPN1_P1P2_ENSG00000196396,PTPN1,-1
6929_PTPN2_P1P2_ENSG00000175354,PTPN2,-1
6947_PUF60_P1P2_ENSG00000179950,PUF60,-1
6948_PUM1_P1P2_ENSG00000134644,PUM1,-1
6962_PWP1_P1P2_ENSG00000136045,PWP1,-1
6963_PWP2_P1P2_ENSG00000241945,PWP2,55
6970_PXN_P1P2_ENSG00000089159,PXN,-1
6976_PYGB_P1P2_ENSG00000100994,PYGB,-1
697_ATRIP_P1P2_ENSG00000164053,ATRIP,-1
6980_PYURF_P1P2_ENSG00000145337,PYURF,-1
6981_QARS_P1P2_ENSG00000172053,QARS,61
6988_QRSL1_P1P2_ENSG00000130348,QRSL1,-1
698_ATRX_P1P2_ENSG00000085224,ATRX,-1
699_ATR_P1P2_ENSG00000175054,ATR,-1
700_ATXN10_P1P2_ENSG00000130638,ATXN10,-1
7021_RAB2B_P1P2_ENSG00000129472,RAB2B,-1
7033_RAB4B_P1P2_ENSG00000167578,RAB4B,0
7050_RABGGTA_P1P2_ENSG00000100949,RABGGTA,-1
7051_RABGGTB_P1P2_ENSG00000137955,RABGGTB,-1
7057_RAC3_P1P2_ENSG00000169750,RAC3,-1
7062_RAD21_P1P2_ENSG00000164754,RAD21,43
7068_RAD51C_P1P2_ENSG00000108384,RAD51C,-1
7070_RAD51_P1P2_ENSG00000051180,RAD51,49
7077_RAE1_P1P2_ENSG00000101146,RAE1,-1
7080_RAI14_P1P2_ENSG00000039560,RAI14,1
7092_RANBP1_P1P2_ENSG00000099901,RANBP1,-1
7094_RANBP3_P1P2_ENSG00000031823,RANBP3,-1
7097_RANGAP1_P1P2_ENSG00000100401,RANGAP1,-1
7100_RAP1A_P1P2_ENSG00000116473,RAP1A,-1
7111_RARA_P1_ENSG00000131759,RARA,-1
7116_RARS2_P1P2_ENSG00000146282,RARS2,-1
7117_RARS_P1P2_ENSG00000113643,RARS,61
7125_RASSF1_P1_ENSG00000068028,RASSF1,-1
7140_RBBP4_P1P2_ENSG00000162521,RBBP4,-1
7141_RBBP5_P1P2_ENSG00000117222,RBBP5,-1
7142_RBBP6_P1P2_ENSG00000122257,RBBP6,-1
7144_RBBP8_P1P2_ENSG00000101773,RBBP8,-1
7146_RBFA_P1P2_ENSG00000101546,RBFA,-1
7148_RBFOX2_P1_ENSG00000100320,RBFOX2,-1
7152_RBM10_P1P2_ENSG00000182872,RBM10,-1
7154_RBM12_P1P2_ENSG00000244462,RBM12,-1
7155_RBM14-RBM4_P1_nan,RBM14-RBM4,-1
7156_RBM14-RBM4_P2_nan,RBM14-RBM4,11
7160_RBM15_P1P2_ENSG00000162775,RBM15,3
7161_RBM17_P1P2_ENSG00000134453,RBM17,-1
7162_RBM18_P1P2_ENSG00000119446,RBM18,-1
7163_RBM19_P1P2_ENSG00000122965,RBM19,-1
7166_RBM25_P1P2_ENSG00000119707,RBM25,-1
7167_RBM26_P1P2_ENSG00000139746,RBM26,-1
7168_RBM27_P1P2_ENSG00000091009,RBM27,-1
7169_RBM28_P1P2_ENSG00000106344,RBM28,58
7170_RBM33_P1P2_ENSG00000184863,RBM33,-1
7173_RBM39_P1P2_ENSG00000131051,RBM39,-1
7176_RBM42_P1P2_ENSG00000126254,RBM42,-1
7181_RBM4_P2_ENSG00000173933,RBM4,11
7184_RBM7_P1P2_ENSG00000076053,RBM7,-1
7186_RBMX2_P1P2_ENSG00000134597,RBMX2,-1
7188_RBMX_P1P2_ENSG00000147274,RBMX,-1
7206_RCL1_P1P2_ENSG00000120158,RCL1,55
7219_RECQL4_P1P2_ENSG00000160957,RECQL4,-1
7224_REEP5_P1P2_ENSG00000129625,REEP5,-1
7228_RELL2_P1P2_ENSG00000164620,RELL2,-1
7237_REST_P2_ENSG00000084093,REST,-1
7243_REXO2_P1P2_ENSG00000076043,REXO2,-1
7246_RFC2_P1P2_ENSG00000049541,RFC2,49
7247_RFC3_P1P2_ENSG00000133119,RFC3,-1
7248_RFC4_P1P2_ENSG00000163918,RFC4,49
7249_RFC5_P1P2_ENSG00000111445,RFC5,49
7287_RHEB_P1P2_ENSG00000106615,RHEB,-1
7302_RIC8A_P1_ENSG00000177963,RIC8A,-1
7304_RICTOR_P1P2_ENSG00000164327,RICTOR,-1
7305_RIF1_P1P2_ENSG00000080345,RIF1,-1
7310_RINT1_P1P2_ENSG00000135249,RINT1,53
7311_RIOK1_P1P2_ENSG00000124784,RIOK1,55
7312_RIOK2_P1P2_ENSG00000058729,RIOK2,55
7321_RMDN3_P1P2_ENSG00000137824,RMDN3,-1
7322_RMI1_P1P2_ENSG00000178966,RMI1,-1
7328_RNASEH1_P1P2_ENSG00000171865,RNASEH1,-1
7331_RNASEH2C_P1P2_ENSG00000172922,RNASEH2C,-1
7338_RNF113A_P1P2_ENSG00000125352,RNF113A,-1
7341_RNF11_P1P2_ENSG00000123091,RNF11,0
7355_RNF146_P1P2_ENSG00000118518,RNF146,-1
736_B4GALT3_P1P2_ENSG00000158850,B4GALT3,-1
7375_RNF20_P1P2_ENSG00000155827,RNF20,-1
7388_RNF31_P1P2_ENSG00000092098,RNF31,55
7390_RNF40_P1P2_ENSG00000103549,RNF40,-1
7400_RNGTT_P1P2_ENSG00000111880,RNGTT,-1
7403_RNMT_P1P2_ENSG00000101654,RNMT,50
7404_RNPC3_P1P2_ENSG00000185946,RNPC3,-1
7407_RNPS1_P1P2_ENSG00000205937,RNPS1,-1
7411_ROMO1_P1P2_ENSG00000125995,ROMO1,-1
7419_RPA2_P1P2_ENSG00000117748,RPA2,-1
7422_RPAP1_P1P2_ENSG00000103932,RPAP1,52
7423_RPAP2_P1P2_ENSG00000122484,RPAP2,52
7424_RPAP3_P1P2_ENSG00000005175,RPAP3,52
7426_RPF1_P1P2_ENSG00000117133,RPF1,-1
7427_RPF2_P1P2_ENSG00000197498,RPF2,-1
7430_RPIA_P1P2_ENSG00000153574,RPIA,-1
7431_RPL10A_P1P2_ENSG00000198755,RPL10A,58
7432_RPL10_P1P2_ENSG00000147403,RPL10,58
7433_RPL11_P1P2_ENSG00000142676,RPL11,58
7434_RPL12_P1P2_ENSG00000197958,RPL12,-1
7435_RPL13A_P1_ENSG00000142541,RPL13A,-1
7437_RPL13_P1P2_ENSG00000167526,RPL13,58
7438_RPL14_P1P2_ENSG00000188846,RPL14,58
7439_RPL15_P1P2_ENSG00000174748,RPL15,-1
7441_RPL17_P1P2_ENSG00000265681,RPL17,58
7442_RPL18A_P1P2_ENSG00000105640,RPL18A,-1
7444_RPL19_P1P2_ENSG00000108298,RPL19,58
7445_RPL21_P1P2_ENSG00000122026,RPL21,58
7446_RPL22L1_P1P2_ENSG00000163584,RPL22L1,-1
7449_RPL23A_P1P2_ENSG00000198242,RPL23A,-1
7450_RPL23_P1P2_ENSG00000125691,RPL23,58
7451_RPL24_P1P2_ENSG00000114391,RPL24,58
7453_RPL26_P1P2_ENSG00000161970,RPL26,58
7454_RPL27A_P1P2_ENSG00000166441,RPL27A,58
7456_RPL28_P1P2_ENSG00000108107,RPL28,-1
7457_RPL29_P1P2_ENSG00000162244,RPL29,-1
7458_RPL30_P1P2_ENSG00000156482,RPL30,58
7459_RPL31_P1P2_ENSG00000071082,RPL31,58
7460_RPL32_P1P2_ENSG00000144713,RPL32,58
7461_RPL34_P1P2_ENSG00000109475,RPL34,58
7463_RPL35_P1P2_ENSG00000136942,RPL35,-1
7465_RPL36A_P1P2_ENSG00000241343,RPL36A,-1
7466_RPL36_P1P2_ENSG00000130255,RPL36,58
7467_RPL37A_P1P2_ENSG00000197756,RPL37A,58
7468_RPL37_P1P2_ENSG00000145592,RPL37,58
7469_RPL38_P1P2_ENSG00000172809,RPL38,58
7474_RPL4_P1P2_ENSG00000174444,RPL4,58
7475_RPL5_P1P2_ENSG00000122406,RPL5,58
7476_RPL6_P1P2_ENSG00000089009,RPL6,58
7478_RPL7L1_P1P2_ENSG00000146223,RPL7L1,-1
7479_RPL7_P1P2_ENSG00000147604,RPL7,58
7480_RPL8_P1P2_ENSG00000161016,RPL8,58
7481_RPL9_P1P2_ENSG00000163682,RPL9,58
7482_RPLP0_P1P2_ENSG00000089157,RPLP0,-1
7483_RPLP1_P1P2_ENSG00000137818,RPLP1,-1
7484_RPLP2_P1P2_ENSG00000177600,RPLP2,-1
7485_RPN1_P1P2_ENSG00000163902,RPN1,-1
7487_RPP14_P1P2_ENSG00000163684,RPP14,55
7488_RPP21_P1P2_ENSG00000241370,RPP21,-1
7491_RPP30_P1P2_ENSG00000148688,RPP30,55
7492_RPP38_P1P2_ENSG00000152464,RPP38,-1
7493_RPP40_P1P2_ENSG00000124787,RPP40,55
7494_RPRD1A_P1P2_ENSG00000141425,RPRD1A,-1
7495_RPRD1B_P1P2_ENSG00000101413,RPRD1B,-1
7496_RPRD2_P1P2_ENSG00000163125,RPRD2,-1
7497_RPS10-NUDT3_P1P2_ENSG00000270800,RPS10-NUDT3,55
7498_RPS10_P1P2_ENSG00000124614,RPS10,55
7499_RPS11_P1P2_ENSG00000142534,RPS11,55
7500_RPS12_P1P2_ENSG00000112306,RPS12,55
7501_RPS13_P1P2_ENSG00000110700,RPS13,55
7502_RPS14_P1P2_ENSG00000164587,RPS14,55
7503_RPS15A_P1P2_ENSG00000134419,RPS15A,55
7506_RPS17_ENST00000330339.7_ENSG00000182774,RPS17,-1
7507_RPS18_P1P2_ENSG00000231500,RPS18,55
7508_RPS19BP1_P1P2_ENSG00000187051,RPS19BP1,55
7509_RPS19_P1P2_ENSG00000105372,RPS19,55
7510_RPS20_P1P2_ENSG00000008988,RPS20,-1
7511_RPS21_P1P2_ENSG00000171858,RPS21,55
7512_RPS23_P1P2_ENSG00000186468,RPS23,55
7513_RPS24_P1P2_ENSG00000138326,RPS24,55
7515_RPS26_P1P2_ENSG00000197728,RPS26,-1
7516_RPS27A_P1P2_ENSG00000143947,RPS27A,55
7518_RPS27_P1P2_ENSG00000177954,RPS27,55
7519_RPS28_P1P2_ENSG00000233927,RPS28,55
751_BAG6_P1P2_ENSG00000204463,BAG6,-1
7521_RPS29_P1_ENSG00000213741,RPS29,55
7522_RPS2_P1P2_ENSG00000140988,RPS2,55
7523_RPS3A_P1P2_ENSG00000145425,RPS3A,55
7525_RPS3_P1_ENSG00000149273,RPS3,55
7526_RPS4X_P1P2_ENSG00000198034,RPS4X,55
7527_RPS5_P1P2_ENSG00000083845,RPS5,55
7535_RPS6KL1_P1P2_ENSG00000198208,RPS6KL1,-1
7536_RPS6_P1P2_ENSG00000137154,RPS6,55
7537_RPS7_P1P2_ENSG00000171863,RPS7,55
7539_RPS9_P1P2_ENSG00000170889,RPS9,55
7540_RPSA_P1P2_ENSG00000168028,RPSA,55
7541_RPTOR_P1P2_ENSG00000141564,RPTOR,45
7545_RPUSD3_P1P2_ENSG00000156990,RPUSD3,-1
7546_RPUSD4_P1P2_ENSG00000165526,RPUSD4,57
7547_CNOT9_P1P2_ENSG00000144580,CNOT9,-1
7561_RRP12_P1P2_ENSG00000052749,RRP12,55
7562_RRP15_P1P2_ENSG00000067533,RRP15,-1
7564_RRP1_P1P2_ENSG00000160214,RRP1,-1
7565_RRP36_P1P2_ENSG00000124541,RRP36,-1
7566_RRP7A_P1P2_ENSG00000189306,RRP7A,55
7568_RRP9_P1P2_ENSG00000114767,RRP9,55
7569_RRS1_P1P2_ENSG00000179041,RRS1,58
7576_RSL1D1_P1_ENSG00000171490,RSL1D1,58
7577_RSL24D1_P1P2_ENSG00000137876,RSL24D1,-1
7580_RSRC2_P1P2_ENSG00000111011,RSRC2,-1
7583_RTCB_P1P2_ENSG00000100220,RTCB,-1
7584_RTEL1_P1P2_ENSG00000258366,RTEL1,-1
7585_RTF1_P1P2_ENSG00000137815,RTF1,-1
759_BANP_P1P2_ENSG00000172530,BANP,-1
7607_RUVBL1_P1P2_ENSG00000175792,RUVBL1,28
760_BAP1_P1P2_ENSG00000163930,BAP1,-1
7623_S100A1_P2_ENSG00000160678,S100A1,-1
7631_SACM1L_P1P2_ENSG00000211456,SACM1L,32
7634_SAE1_P1P2_ENSG00000142230,SAE1,9
7635_SAFB2_P1P2_ENSG00000130254,SAFB2,-1
7640_SALL3_P1P2_ENSG00000256463,SALL3,-1
7643_SAMD4B_P1P2_ENSG00000179134,SAMD4B,-1
7645_SAMM50_P1P2_ENSG00000100347,SAMM50,61
7647_SAP130_P1P2_ENSG00000136715,SAP130,-1
7648_SAP18_P1P2_ENSG00000150459,SAP18,-1
7656_SARS2_P1P2_ENSG00000104835,SARS2,-1
7659_SART3_P1P2_ENSG00000075856,SART3,28
7670_SBNO1_P1P2_ENSG00000139697,SBNO1,-1
7676_SCAF4_P1P2_ENSG00000156304,SCAF4,-1
7677_SCAF8_P1P2_ENSG00000213079,SCAF8,-1
7686_SCAP_P1P2_ENSG00000114650,SCAP,-1
7702_SCO1_P1P2_ENSG00000133028,SCO1,-1
7711_SCYL1_P1P2_ENSG00000142186,SCYL1,-1
7713_SDAD1_P1P2_ENSG00000198301,SDAD1,58
7714_SDC1_P1P2_ENSG00000115884,SDC1,-1
7719_SDE2_P1P2_ENSG00000143751,SDE2,-1
7725_SDHA_P1P2_ENSG00000073578,SDHA,22
7727_SDHC_P1P2_ENSG00000143252,SDHC,22
7729_SDR39U1_P1P2_ENSG00000100445,SDR39U1,55
7739_SEC22B_P1P2_ENSG00000265808,SEC22B,-1
7751_SEC61A1_P1_ENSG00000058262,SEC61A1,56
7752_SEC61B_P1P2_ENSG00000106803,SEC61B,-1
7753_SEC61G_P1P2_ENSG00000132432,SEC61G,56
7758_SEH1L_P1P2_ENSG00000085415,SEH1L,45
7774_SENP5_P1P2_ENSG00000119231,SENP5,-1
7778_SEPHS1_P1P2_ENSG00000086475,SEPHS1,-1
7793_SERBP1_P1P2_ENSG00000142864,SERBP1,-1
7795_SERF2_P1_ENSG00000140264,SERF2,-1
7800_SERINC3_P1P2_ENSG00000132824,SERINC3,-1
7802_SERPINB1_P1P2_ENSG00000021355,SERPINB1,-1
7814_SETD1A_P1P2_ENSG00000099381,SETD1A,-1
7816_SETD2_P1P2_ENSG00000181555,SETD2,-1
7819_SETD5_P1P2_ENSG00000168137,SETD5,-1
7823_SETDB1_P1P2_ENSG00000143379,SETDB1,-1
7826_SETX_P1P2_ENSG00000107290,SETX,2
7829_SF1_P1P2_ENSG00000168066,SF1,-1
7833_SF3A2_P1_ENSG00000104897,SF3A2,28
783_BCAP31_P1P2_ENSG00000185825,BCAP31,-1
7843_SFSWAP_P1P2_ENSG00000061936,SFSWAP,20
"7854_SGK3_ENST00000396596.1,ENST00000522398.1_ENSG00000104205",SGK3,-1
786_BCAS2_P1P2_ENSG00000116752,BCAS2,20
7883_SH3GL1_P1P2_ENSG00000141985,SH3GL1,0
7886_SH3GLB2_P1P2_ENSG00000148341,SH3GLB2,-1
7887_SH3KBP1_P1P2_ENSG00000147010,SH3KBP1,14
7891_SHC1_P2_ENSG00000160691,SHC1,48
7898_SHOC2_P1P2_ENSG00000108061,SHOC2,-1
789_BCCIP_P1P2_ENSG00000107949,BCCIP,-1
7901_SHPK_P1P2_ENSG00000197417,SHPK,-1
7909_SIGLEC14_P1P2_ENSG00000254415,SIGLEC14,-1
7918_SIN3A_P1_ENSG00000169375,SIN3A,-1
7919_SIN3B_P1P2_ENSG00000127511,SIN3B,-1
7920_SIPA1_P1_ENSG00000213445,SIPA1,-1
7929_SIRT7_P1P2_ENSG00000187531,SIRT7,45
7939_SKA3_P1P2_ENSG00000165480,SKA3,-1
7941_SKIL_P1P2_ENSG00000136603,SKIL,1
7942_MTREX_P1P2_ENSG00000039123,MTREX,8
7948_SKP2_P1P2_ENSG00000145604,SKP2,-1
7950_SLBP_P1P2_ENSG00000163950,SLBP,42
7968_SLC16A5_P1P2_ENSG00000170190,SLC16A5,-1
7976_SLC1A5_P1_ENSG00000105281,SLC1A5,-1
7994_SLC25A24_P1P2_ENSG00000085491,SLC25A24,-1
8008_SLC25A42_P1P2_ENSG00000181035,SLC25A42,-1
8019_SLC27A4_P1P2_ENSG00000167114,SLC27A4,-1
8024_SLC2A11_P1P2_ENSG00000133460,SLC2A11,-1
8029_SLC2A8_P1P2_ENSG00000136856,SLC2A8,-1
8034_SLC30A9_P1P2_ENSG00000014824,SLC30A9,-1
8035_SLC31A1_P1P2_ENSG00000136868,SLC31A1,-1
8039_SLC35A3_P1P2_ENSG00000117620,SLC35A3,-1
8040_SLC35A4_P1P2_ENSG00000176087,SLC35A4,-1
8042_SLC35B2_P1P2_ENSG00000157593,SLC35B2,-1
8053_SLC35F6_P1P2_ENSG00000213699,SLC35F6,-1
8055_SLC35G2_P1P2_ENSG00000168917,SLC35G2,-1
8063_SLC38A1_P1P2_ENSG00000111371,SLC38A1,-1
8066_SLC38A6_P1P2_ENSG00000139974,SLC38A6,-1
8069_SLC39A10_P1P2_ENSG00000196950,SLC39A10,-1
8077_SLC39A6_P1P2_ENSG00000141424,SLC39A6,-1
8078_SLC39A7_P1P2_ENSG00000112473,SLC39A7,-1
8080_SLC39A9_P1P2_ENSG00000029364,SLC39A9,-1
8107_SLC7A1_P1P2_ENSG00000139514,SLC7A1,-1
8108_SLC7A5_P1P2_ENSG00000103257,SLC7A5,-1
8121_SLIRP_P1P2_ENSG00000119705,SLIRP,-1
8124_PRELID3B_P1P2_ENSG00000101166,PRELID3B,61
812_BCR_P1P2_ENSG00000186716,BCR,48
8143_SMARCA5_P1P2_ENSG00000153147,SMARCA5,-1
8146_SMARCB1_P1_ENSG00000099956,SMARCB1,-1
8148_SMARCC1_P1P2_ENSG00000173473,SMARCC1,-1
8154_SMARCE1_P1P2_ENSG00000073584,SMARCE1,-1
8155_SMC1A_P1P2_ENSG00000072501,SMC1A,43
8157_SMC3_P1P2_ENSG00000108055,SMC3,43
815_BDP1_P1P2_ENSG00000145734,BDP1,-1
8166_SMG5_P1P2_ENSG00000198952,SMG5,5
8168_SMG7_P1P2_ENSG00000116698,SMG7,5
8169_SMG8_P1P2_ENSG00000167447,SMG8,5
8170_SMG9_P1P2_ENSG00000105771,SMG9,5
817_BEND6_P1P2_ENSG00000151917,BEND6,-1
8185_SMNDC1_P1P2_ENSG00000119953,SMNDC1,-1
8191_SMUG1_P1P2_ENSG00000123415,SMUG1,-1
8205_SNAPC1_P1P2_ENSG00000023608,SNAPC1,28
8206_SNAPC2_P1P2_ENSG00000104976,SNAPC2,28
8207_SNAPC3_P1P2_ENSG00000164975,SNAPC3,28
8209_SNAPC5_P1P2_ENSG00000174446,SNAPC5,-1
8217_SNRNP25_P1P2_ENSG00000161981,SNRNP25,-1
8218_SNRNP27_P1P2_ENSG00000124380,SNRNP27,-1
821_BET1_P1P2_ENSG00000105829,BET1,-1
8220_SNRNP40_P1P2_ENSG00000060688,SNRNP40,-1
8221_SNRNP48_P1P2_ENSG00000168566,SNRNP48,-1
8222_SNRNP70_P1P2_ENSG00000104852,SNRNP70,-1
8224_SNRPA_P1P2_ENSG00000077312,SNRPA,-1
8227_SNRPC_P1P2_ENSG00000124562,SNRPC,-1
8230_SNRPD3_P1P2_ENSG00000100028,SNRPD3,28
8233_SNRPG_P1P2_ENSG00000143977,SNRPG,28
8235_SNTB2_P1P2_ENSG00000168807,SNTB2,-1
825_BGLAP_P1P2_ENSG00000242252,BGLAP,29
8264_SOCS3_P1P2_ENSG00000184557,SOCS3,-1
8266_SOD1_P1P2_ENSG00000142168,SOD1,-1
8267_SOD2_P1P2_ENSG00000112096,SOD2,-1
8271_SON_P1_ENSG00000159140,SON,-1
8275_SORT1_P1P2_ENSG00000134243,SORT1,-1
8286_SOX1_P1P2_ENSG00000182968,SOX1,-1
8291_SOX3_P1P2_ENSG00000134595,SOX3,-1
8306_SP1_P1P2_ENSG00000185591,SP1,-1
8307_SP2_P1P2_ENSG00000167182,SP2,-1
830_BHLHE40_P1P2_ENSG00000134107,BHLHE40,-1
8317_SPAG7_P1P2_ENSG00000091640,SPAG7,-1
8325_SPATA5L1_P1P2_ENSG00000171763,SPATA5L1,-1
8326_SPATA5_P1P2_ENSG00000145375,SPATA5,-1
8332_SPC25_P1P2_ENSG00000152253,SPC25,-1
8334_SPCS2_P1P2_ENSG00000118363,SPCS2,-1
8335_SPCS3_P1_ENSG00000129128,SPCS3,-1
8347_SPEN_P1P2_ENSG00000065526,SPEN,-1
8351_SPG7_P1P2_ENSG00000197912,SPG7,-1
8375_SPRY4_P1P2_ENSG00000187678,SPRY4,2
8395_SRA1_P1P2_ENSG00000213523,SRA1,-1
83_ACIN1_P2_ENSG00000100813,ACIN1,-1
8405_SRFBP1_P1P2_ENSG00000151304,SRFBP1,55
8412_SRM_P1P2_ENSG00000116649,SRM,-1
8413_SRP14_P1P2_ENSG00000140319,SRP14,-1
8414_SRP19_P1P2_ENSG00000153037,SRP19,56
8416_SRP68_P1P2_ENSG00000167881,SRP68,56
8417_SRP72_P1P2_ENSG00000174780,SRP72,56
8418_SRP9_P1P2_ENSG00000143742,SRP9,56
8422_SRPRB_P1P2_ENSG00000144867,SRPRB,56
8424_SRRM1_P1P2_ENSG00000133226,SRRM1,-1
8425_SRRM2_P1P2_ENSG00000167978,SRRM2,-1
8426_SRRT_P1P2_ENSG00000087087,SRRT,-1
8428_SRSF10_P1P2_ENSG00000188529,SRSF10,-1
8430_SRSF11_P2_ENSG00000116754,SRSF11,-1
8431_SRSF1_P1P2_ENSG00000136450,SRSF1,-1
8432_SRSF2_P1P2_ENSG00000161547,SRSF2,-1
8438_SRSF7_P1P2_ENSG00000115875,SRSF7,-1
8439_SRSF8_P1P2_ENSG00000263465,SRSF8,-1
8444_SS18L2_P1P2_ENSG00000008324,SS18L2,-1
8446_SSBP1_P1P2_ENSG00000106028,SSBP1,60
8458_SSRP1_P1P2_ENSG00000149136,SSRP1,14
8460_SSU72_P1P2_ENSG00000160075,SSU72,-1
8462_SSX2IP_P1P2_ENSG00000117155,SSX2IP,-1
8467_ST20-MTHFS_P1P2_nan,ST20-MTHFS,8
8481_STAG2_P1_ENSG00000101972,STAG2,-1
8484_STAMBP_P1P2_ENSG00000124356,STAMBP,-1
8487_STARD10_P1P2_ENSG00000214530,STARD10,1
8491_STARD7_P1P2_ENSG00000084090,STARD7,-1
8499_STAT5B_P1P2_ENSG00000173757,STAT5B,-1
8506_STIL_P1P2_ENSG00000123473,STIL,-1
8517_STK24_P1P2_ENSG00000102572,STK24,-1
8538_STRAP_P1P2_ENSG00000023734,STRAP,-1
8540_STRIP1_P1P2_ENSG00000143093,STRIP1,-1
8546_STT3B_P1P2_ENSG00000163527,STT3B,54
8552_STX18_P1P2_ENSG00000168818,STX18,53
8564_STXBP4_P1P2_ENSG00000166263,STXBP4,-1
8575_SUDS3_P1P2_ENSG00000111707,SUDS3,-1
8576_SUGP1_P1P2_ENSG00000105705,SUGP1,33
8578_SUGT1_P1P2_ENSG00000165416,SUGT1,-1
857_BMP2K_P1P2_ENSG00000138756,BMP2K,17
8587_SUMO1_P1P2_ENSG00000116030,SUMO1,-1
8588_SUMO2_P1P2_ENSG00000188612,SUMO2,16
8594_SUPT16H_P1P2_ENSG00000092201,SUPT16H,14
8595_SUPT20H_P1P2_ENSG00000102710,SUPT20H,26
8597_SUPT4H1_P1P2_ENSG00000213246,SUPT4H1,14
8598_SUPT5H_P1P2_ENSG00000196235,SUPT5H,-1
8599_SUPT6H_P1P2_ENSG00000109111,SUPT6H,51
8601_SUPV3L1_P1P2_ENSG00000156502,SUPV3L1,-1
8605_SURF6_P1P2_ENSG00000148296,SURF6,-1
8608_SUV39H1_P1P2_ENSG00000101945,SUV39H1,-1
8618_SYF2_P1P2_ENSG00000117614,SYF2,-1
8621_SYMPK_P1P2_ENSG00000125755,SYMPK,25
8628_SYNJ2_P1P2_ENSG00000078269,SYNJ2,4
862_BNIP1_P1P2_ENSG00000113734,BNIP1,53
8647_TADA1_P1P2_ENSG00000152382,TADA1,26
8648_TADA2A_P1P2_ENSG00000276234,TADA2A,-1
8649_TADA2B_P1P2_ENSG00000173011,TADA2B,26
864_BNIP3L_P1P2_ENSG00000104765,BNIP3L,-1
8650_TADA3_P1P2_ENSG00000171148,TADA3,26
8651_TAF10_P1P2_ENSG00000166337,TAF10,33
8652_TAF11_P1P2_ENSG00000064995,TAF11,33
8653_TAF12_P1P2_ENSG00000120656,TAF12,33
8654_TAF13_P1P2_ENSG00000197780,TAF13,33
8656_TAF1A_P1P2_ENSG00000143498,TAF1A,-1
8657_TAF1B_P1P2_ENSG00000115750,TAF1B,-1
8658_TAF1C_P1P2_ENSG00000103168,TAF1C,59
8660_TAF1D_P1_ENSG00000166012,TAF1D,59
8661_TAF1_P1P2_ENSG00000147133,TAF1,33
8662_TAF2_P1P2_ENSG00000064313,TAF2,33
8663_TAF3_P1P2_ENSG00000165632,TAF3,33
8666_TAF5_P1P2_ENSG00000148835,TAF5,33
8667_TAF6L_P1P2_ENSG00000162227,TAF6L,26
8668_TAF6_P1P2_ENSG00000106290,TAF6,33
8669_TAF7_P1P2_ENSG00000178913,TAF7,-1
8670_TAF8_P1P2_ENSG00000137413,TAF8,33
"8675_TAL1_ENST00000294339.3,ENST00000371883.3_ENSG00000162367",TAL1,-1
8678_TAMM41_P1P2_ENSG00000144559,TAMM41,-1
867_BOD1L1_P1_ENSG00000038219,BOD1L1,-1
8680_TANGO6_P1P2_ENSG00000103047,TANGO6,52
8692_TARDBP_P1P2_ENSG00000120948,TARDBP,-1
8693_TARS2_P1P2_ENSG00000143374,TARS2,57
8695_TARS_P1P2_ENSG00000113407,TARS,61
8703_TAZ_P1P2_ENSG00000102125,TAZ,-1
8720_TBC1D4_P1P2_ENSG00000136111,TBC1D4,31
8724_TBCA_P1P2_ENSG00000171530,TBCA,-1
8725_TBCB_P1P2_ENSG00000105254,TBCB,12
8738_TBL3_P1P2_ENSG00000183751,TBL3,55
8739_TBPL1_P1P2_ENSG00000028839,TBPL1,-1
8741_TBP_P1P2_ENSG00000112592,TBP,-1
8744_TBRG4_P1P2_ENSG00000136270,TBRG4,-1
8745_TBX10_P1P2_ENSG00000167800,TBX10,-1
874_BOP1_P1_ENSG00000261236,BOP1,58
8750_TBX1_P1P2_ENSG00000184058,TBX1,-1
8770_ELOB_P1P2_ENSG00000103363,ELOB,1
8772_TCERG1_P1P2_ENSG00000113649,TCERG1,-1
8791_TCOF1_P1P2_ENSG00000070814,TCOF1,-1
8793_TCP1_P1P2_ENSG00000120438,TCP1,12
8809_TECR_P1P2_ENSG00000099797,TECR,-1
8811_TEFM_P1P2_ENSG00000172171,TEFM,60
8816_TELO2_P1P2_ENSG00000100726,TELO2,47
8819_TERF2IP_P1P2_ENSG00000166848,TERF2IP,-1
8826_TEX10_P1P2_ENSG00000136891,TEX10,58
8832_TFAM_P1P2_ENSG00000108064,TFAM,60
8839_TFAP4_P1P2_ENSG00000090447,TFAP4,-1
8840_TFB1M_P1P2_ENSG00000029639,TFB1M,-1
8844_TFDP1_P1P2_ENSG00000198176,TFDP1,-1
8857_TFRC_P1P2_ENSG00000072274,TFRC,-1
8872_THAP11_P1P2_ENSG00000168286,THAP11,-1
8873_THAP1_P1P2_ENSG00000131931,THAP1,-1
8886_THG1L_P1P2_ENSG00000113272,THG1L,-1
8889_THOC3_P1P2_ENSG00000051596,THOC3,-1
888_BRD2_P1_ENSG00000204256,BRD2,-1
8891_THOC6_P1P2_ENSG00000131652,THOC6,-1
8892_THOC7_P1P2_ENSG00000163634,THOC7,-1
8894_THRAP3_P1P2_ENSG00000054118,THRAP3,-1
8898_THUMPD1_P1P2_ENSG00000066654,THUMPD1,-1
8902_TIA1_P1P2_ENSG00000116001,TIA1,-1
8904_TICRR_P1P2_ENSG00000140534,TICRR,-1
8913_TIMELESS_P1P2_ENSG00000111602,TIMELESS,-1
8916_TIMM13_P1P2_ENSG00000099800,TIMM13,-1
8918_TIMM17B_P1P2_ENSG00000126768,TIMM17B,-1
8921_TIMM23B_P1P2_ENSG00000204152,TIMM23B,61
8923_TIMM44_P1P2_ENSG00000104980,TIMM44,61
8927_TIMM9_P1P2_ENSG00000100575,TIMM9,-1
8933_TIPIN_P1P2_ENSG00000075131,TIPIN,-1
893_BRD8_P1P2_ENSG00000112983,BRD8,46
8944_TLE3_P1P2_ENSG00000140332,TLE3,-1
8947_TLK2_P1P2_ENSG00000146872,TLK2,-1
8963_TMA16_P1P2_ENSG00000198498,TMA16,-1
8972_TMED10_P1P2_ENSG00000170348,TMED10,-1
8974_TMED2_P1P2_ENSG00000086598,TMED2,-1
8976_TMED4_P1P2_ENSG00000158604,TMED4,-1
8982_TMEM106B_P1P2_ENSG00000106460,TMEM106B,-1
8986_TMEM115_P1P2_ENSG00000126062,TMEM115,-1
8997_TMEM131_P1P2_ENSG00000075568,TMEM131,-1
899_BRI3_P1P2_ENSG00000164713,BRI3,-1
8_AAMP_P1P2_ENSG00000127837,AAMP,-1
9012_TMEM161B_P1P2_ENSG00000164180,TMEM161B,52
901_BRIX1_P1P2_ENSG00000113460,BRIX1,51
9042_TMEM214_P1P2_ENSG00000119777,TMEM214,15
9056_TMEM242_P1P2_ENSG00000215712,TMEM242,-1
9063_TMEM258_P1P2_ENSG00000134825,TMEM258,-1
9064_TMEM259_P1P2_ENSG00000182087,TMEM259,-1
9073_TMEM41B_P1P2_ENSG00000166471,TMEM41B,-1
9110_TMSB10_P1P2_ENSG00000034510,TMSB10,-1
9117_TMX2_P1P2_ENSG00000213593,TMX2,51
9132_TNFSF10_P1P2_ENSG00000121858,TNFSF10,-1
9148_TNPO1_P1P2_ENSG00000083312,TNPO1,-1
9151_TNPO3_P1P2_ENSG00000064419,TNPO3,-1
9153_TNRC6A_P1P2_ENSG00000090905,TNRC6A,-1
9159_TOE1_P1P2_ENSG00000132773,TOE1,-1
9161_TOM1L1_P1P2_ENSG00000141198,TOM1L1,-1
9163_TOMM20_P1P2_ENSG00000173726,TOMM20,60
9164_TOMM22_P1P2_ENSG00000100216,TOMM22,61
9167_TOMM40_P1P2_ENSG00000130204,TOMM40,-1
916_BTAF1_P1P2_ENSG00000095564,BTAF1,-1
9172_TONSL_P1P2_ENSG00000160949,TONSL,-1
9174_TOP1_P1P2_ENSG00000198900,TOP1,-1
9184_TOR1B_P1P2_ENSG00000136816,TOR1B,-1
9188_TOX4_P1P2_ENSG00000092203,TOX4,-1
9192_TP53I13_P1P2_ENSG00000167543,TP53I13,-1
9194_TP53RK_P1P2_ENSG00000172315,TP53RK,-1
9210_TPP2_P1P2_ENSG00000134900,TPP2,-1
9215_TPR_P1P2_ENSG00000047410,TPR,48
9219_TPX2_P1P2_ENSG00000088325,TPX2,-1
9222_TRA2B_P1P2_ENSG00000136527,TRA2B,-1
9223_TRABD_P1_ENSG00000170638,TRABD,-1
9242_TRAPPC11_P1P2_ENSG00000168538,TRAPPC11,-1
924_BTF3_P1P2_ENSG00000145741,BTF3,-1
9258_TRIAP1_P1P2_ENSG00000170855,TRIAP1,-1
9267_TRIM24_P1P2_ENSG00000122779,TRIM24,-1
9272_TRIM33_P1P2_ENSG00000197323,TRIM33,-1
9302_TRMT10C_P1P2_ENSG00000174173,TRMT10C,-1
9303_TRMT112_P1P2_ENSG00000173113,TRMT112,55
9310_TRMT2B_P1P2_ENSG00000188917,TRMT2B,-1
9312_TRMT5_P1P2_ENSG00000126814,TRMT5,-1
9317_TRNAU1AP_P1P2_ENSG00000180098,TRNAU1AP,-1
9319_TRNT1_P1P2_ENSG00000072756,TRNT1,-1
9328_TRRAP_P1P2_ENSG00000196367,TRRAP,47
9331_TSC1_P1P2_ENSG00000165699,TSC1,-1
9336_TSEN15_P1P2_ENSG00000198860,TSEN15,-1
9337_TSEN2_P1P2_ENSG00000154743,TSEN2,-1
9340_TSFM_P1P2_ENSG00000123297,TSFM,-1
9341_TSG101_P1P2_ENSG00000074319,TSG101,38
934_BUB1B_P1P2_ENSG00000156970,BUB1B,29
935_BUB1_P1P2_ENSG00000169679,BUB1,-1
9362_TSPYL5_P1P2_ENSG00000180543,TSPYL5,-1
9364_TSR1_P1_ENSG00000167721,TSR1,55
9366_TSR2_P1P2_ENSG00000158526,TSR2,55
936_BUB3_P1P2_ENSG00000154473,BUB3,-1
9380_TTC1_P1P2_ENSG00000113312,TTC1,61
9383_TTC27_P1P2_ENSG00000018699,TTC27,28
9390_TTC4_P1P2_ENSG00000243725,TTC4,-1
9396_TTF1_P1P2_ENSG00000125482,TTF1,-1
9398_TTI1_P1P2_ENSG00000101407,TTI1,47
9399_TTI2_P1P2_ENSG00000129696,TTI2,-1
939_BYSL_P1P2_ENSG00000112578,BYSL,55
9400_TTK_P1P2_ENSG00000112742,TTK,-1
9412_TUBB2A_P1P2_ENSG00000137267,TUBB2A,13
9430_TUFM_P1P2_ENSG00000178952,TUFM,-1
9435_TUT1_P1_ENSG00000149016,TUT1,-1
9443_TWISTNB_P1P2_ENSG00000105849,TWISTNB,59
9444_TWSG1_P1P2_ENSG00000128791,TWSG1,-1
944_TWNK_P1P2_ENSG00000107815,TWNK,-1
9457_TXNL4A_P1P2_ENSG00000141759,TXNL4A,28
9461_TXN_P1P2_ENSG00000136810,TXN,-1
9462_TYK2_P1P2_ENSG00000105397,TYK2,33
9474_U2AF2_P1P2_ENSG00000063244,U2AF2,-1
9475_U2SURP_P1P2_ENSG00000163714,U2SURP,-1
9478_UBA1_P1_ENSG00000130985,UBA1,-1
9479_UBA2_P1P2_ENSG00000126261,UBA2,9
9480_UBA3_P1P2_ENSG00000144744,UBA3,17
9482_UBA52_P1_ENSG00000221983,UBA52,-1
9483_UBA5_P1P2_ENSG00000081307,UBA5,-1
9484_UBA6_P1P2_ENSG00000033178,UBA6,-1
9489_UBAP1_P1P2_ENSG00000165006,UBAP1,-1
9490_UBAP2L_P1P2_ENSG00000143569,UBAP2L,-1
9498_UBE2D3_P1P2_ENSG00000109332,UBE2D3,-1
9500_UBE2E1_P1P2_ENSG00000170142,UBE2E1,-1
9506_UBE2I_P1P2_ENSG00000103275,UBE2I,9
9510_UBE2L3_P1P2_ENSG00000185651,UBE2L3,-1
9513_UBE2N_P1P2_ENSG00000177889,UBE2N,-1
9526_UBE3C_P1P2_ENSG00000009335,UBE3C,16
9527_UBE3D_P1P2_ENSG00000118420,UBE3D,-1
952_NKAPD1_P1P2_ENSG00000150776,NKAPD1,-1
9534_UBL5_P1P2_ENSG00000198258,UBL5,-1
9538_UBN1_P1P2_ENSG00000118900,UBN1,-1
9543_UBQLN4_P1P2_ENSG00000160803,UBQLN4,-1
9563_UCHL5_P1P2_ENSG00000116750,UCHL5,6
956_HIKESHI_P1P2_ENSG00000149196,HIKESHI,-1
9570_UFL1_P1P2_ENSG00000014123,UFL1,-1
9571_UFM1_P1P2_ENSG00000120686,UFM1,-1
9574_UGCG_P1P2_ENSG00000148154,UGCG,16
9582_UHRF1BP1_P1P2_ENSG00000065060,UHRF1BP1,-1
9583_UHRF1_P1P2_ENSG00000276043,UHRF1,-1
9586_ULK3_P1P2_ENSG00000140474,ULK3,-1
9587_UMPS_P1P2_ENSG00000114491,UMPS,22
9596_UNCX_P1P2_ENSG00000164853,UNCX,11
959_SPINDOC_P1P2_ENSG00000168005,SPINDOC,-1
9600_UPF1_P1P2_ENSG00000005007,UPF1,5
9601_UPF2_P1P2_ENSG00000151461,UPF2,5
9606_UQCC2_P1P2_ENSG00000137288,UQCC2,-1
9609_UQCRB_P1P2_ENSG00000156467,UQCRB,-1
9610_UQCRC1_P1_ENSG00000010256,UQCRC1,-1
9612_UQCRC2_P1P2_ENSG00000140740,UQCRC2,-1
9613_UQCRFS1_P1P2_ENSG00000169021,UQCRFS1,-1
9616_UQCRQ_P1P2_ENSG00000164405,UQCRQ,-1
9618_URB2_P1P2_ENSG00000135763,URB2,-1
9621_URI1_P1P2_ENSG00000105176,URI1,-1
9622_URM1_P1P2_ENSG00000167118,URM1,-1
9626_USE1_P1P2_ENSG00000053501,USE1,53
9629_ATP5MD_P1P2_ENSG00000173915,ATP5MD,-1
9635_USP14_P1P2_ENSG00000101557,USP14,-1
9641_USP21_P1P2_ENSG00000143258,USP21,-1
9642_USP22_P1P2_ENSG00000124422,USP22,-1
964_C12orf45_P1P2_ENSG00000151131,C12orf45,55
9652_USP36_P1P2_ENSG00000055483,USP36,-1
9653_USP37_P1P2_ENSG00000135913,USP37,-1
9656_USP39_P1_ENSG00000168883,USP39,-1
9659_USP42_P1P2_ENSG00000106346,USP42,-1
9672_USP5_P1_ENSG00000111667,USP5,-1
9678_USPL1_P1P2_ENSG00000132952,USPL1,28
9679_UTP11_P1P2_ENSG00000183520,UTP11,55
9682_UTP15_P1P2_ENSG00000164338,UTP15,59
9683_UTP18_P1P2_ENSG00000011260,UTP18,-1
9684_UTP20_P1P2_ENSG00000120800,UTP20,55
9685_UTP23_P1P2_ENSG00000147679,UTP23,55
9687_UTP6_P1P2_ENSG00000108651,UTP6,55
9691_UXT_P1P2_ENSG00000126756,UXT,52
96_ACP5_P1_ENSG00000102575,ACP5,-1
9702_VARS2_P1P2_ENSG00000137411,VARS2,57
9703_VARS_P1P2_ENSG00000204394,VARS,61
9734_VMP1_P1P2_ENSG00000062716,VMP1,-1
9741_VPS13D_P1P2_ENSG00000048707,VPS13D,-1
9745_VPS26A_P1P2_ENSG00000122958,VPS26A,-1
9747_VPS28_P1P2_ENSG00000160948,VPS28,38
9748_VPS29_P1P2_ENSG00000111237,VPS29,-1
9751_VPS35_P1P2_ENSG00000069329,VPS35,-1
9753_VPS37A_P1P2_ENSG00000155975,VPS37A,-1
9756_VPS39_P1P2_ENSG00000166887,VPS39,-1
9757_VPS41_P1_ENSG00000006715,VPS41,-1
9760_VPS4A_P1P2_ENSG00000132612,VPS4A,-1
9762_VPS51_P1P2_ENSG00000149823,VPS51,-1
9764_VPS53_P1P2_ENSG00000141252,VPS53,-1
9766_VPS72_P1P2_ENSG00000163159,VPS72,7
976_RTRAF_P1P2_ENSG00000087302,RTRAF,-1
9781_INTS14_P1P2_ENSG00000138614,INTS14,35
9783_WAC_P1P2_ENSG00000095787,WAC,-1
978_C14orf178_P1P2_ENSG00000197734,C14orf178,-1
9790_WBP11_P1_ENSG00000084463,WBP11,-1
9798_BUD23_P1P2_ENSG00000071462,BUD23,55
9801_WDFY3_P1P2_ENSG00000163625,WDFY3,11
9802_WDHD1_P1P2_ENSG00000198554,WDHD1,-1
9804_WDR12_P1P2_ENSG00000138442,WDR12,58
980_ATP5MPL_P1P2_ENSG00000156411,ATP5MPL,-1
9812_WDR26_P1P2_ENSG00000162923,WDR26,-1
9816_WDR36_P1P2_ENSG00000134987,WDR36,55
9818_WDR3_P1P2_ENSG00000065183,WDR3,55
9820_WDR43_P1P2_ENSG00000163811,WDR43,-1
9821_WDR44_P1P2_ENSG00000131725,WDR44,-1
9824_WDR46_P1P2_ENSG00000227057,WDR46,55
9829_WDR55_P1P2_ENSG00000120314,WDR55,-1
9831_WDR5_P1P2_ENSG00000196363,WDR5,-1
9833_WDR61_P1P2_ENSG00000140395,WDR61,13
9839_WDR74_P1_ENSG00000133316,WDR74,-1
9841_WDR75_P1P2_ENSG00000115368,WDR75,59
9843_WDR77_P1P2_ENSG00000116455,WDR77,-1
9844_WDR7_P1P2_ENSG00000091157,WDR7,32
9847_WDR82_P1P2_ENSG00000164091,WDR82,-1
9855_WDTC1_P1P2_ENSG00000142784,WDTC1,-1
9860_NSD2_P1P2_ENSG00000109685,NSD2,-1
9866_WIZ_P1P2_ENSG00000011451,WIZ,-1
9867_WNK1_P1P2_ENSG00000060237,WNK1,-1
9873_WRAP53_P1P2_ENSG00000141499,WRAP53,-1
9875_GET1_P1P2_ENSG00000182093,GET1,-1
9896_XPO1_P1P2_ENSG00000082898,XPO1,23
9898_XPO5_P1P2_ENSG00000124571,XPO5,30
9902_XPR1_P1P2_ENSG00000143324,XPR1,-1
9907_XRCC5_P1P2_ENSG00000079246,XRCC5,37
9909_XRCC6_P1P2_ENSG00000196419,XRCC6,37
990_MOSMO_P1P2_ENSG00000185716,MOSMO,-1
9911_XRN2_P1P2_ENSG00000088930,XRN2,-1
9916_YAE1_P1P2_ENSG00000241127,YAE1,-1
9918_YARS2_P1P2_ENSG00000139131,YARS2,57
9919_YARS_P1P2_ENSG00000134684,YARS,-1
9920_YBEY_P1P2_ENSG00000182362,YBEY,-1
9923_YBX3_P1P2_ENSG00000060138,YBX3,-1
9925_YEATS2_P1P2_ENSG00000163872,YEATS2,34
9926_YEATS4_P1P2_ENSG00000127337,YEATS4,7
9940_YME1L1_P1P2_ENSG00000136758,YME1L1,-1
995_C16orf72_P1_ENSG00000182831,C16orf72,-1
9971_ZBTB14_P1P2_ENSG00000198081,ZBTB14,-1
9975_ZBTB17_P1P2_ENSG00000116809,ZBTB17,6
998_C16orf87_P1P2_ENSG00000155330,C16orf87,1
9992_ZBTB39_P1P2_ENSG00000166860,ZBTB39,-1
9998_ZBTB44_P1P2_ENSG00000196323,ZBTB44,-1
9_AAR2_P1P2_ENSG00000131043,AAR2,55
