,program
NOC2L,-1
ISG15,25
AURKAIP1,-1
MRPL20,19
ATAD3B,-1
SSU72,-1
FAAP20,29
RER1,35
RPL22,-1
PARK7,24
ENO1,-1
PGD,-1
SRM,27
EXOSC10,-1
SPEN,-1
MRTO4,27
CAPZB,-1
MICOS10,-1
DDOST,5
HP1BP3,-1
CDC42,26
KDM1A,-1
HNRNPR,32
RPL11,-1
PITHD1,36
PNRC2,-1
SRSF10,-1
SRRM1,2
RSRP1,-1
TMEM50A,-1
STMN1,-1
ZNF593,-1
SH3BGRL3,26
HMGN2,-1
NUDC,27
WASF2,25
STX12,30
DNAJC8,37
ATP5IF1,38
SNHG3,4
SNHG12,1
EPB41,22
SRSF4,-1
LAPTM5,26
PUM1,28
SNRNP40,-1
ZCCHC17,-1
PTP4A2,-1
KHDRBS1,32
EIF3I,33
HDAC1,-1
MARCKSL1,-1
BSDC1,-1
ZBTB8OS,-1
RBBP4,12
YARS,17
TMEM54,-1
AK2,-1
SMIM12,-1
SFPQ,-1
ZMYM4,28
PSMB2,14
CLSPN,12
AGO3,-1
TRAPPC3,-1
MAP7D1,-1
THRAP3,-1
EVA1B,26
LSM10,37
MRPS15,23
MEAF6,-1
GNL2,-1
CDCA8,9
YRDC,27
C1orf122,-1
SF3A3,27
FHL3,-1
UTP11,-1
MYCBP,24
AKIRIN1,28
NDUFS5,24
MACF1,-1
PABPC4,34
PPIE,31
CAP1,26
RLF,-1
ZMPSTE24,-1
SMAP2,-1
CTPS1,-1
PPCS,-1
PPIH,-1
YBX1,27
SVBP,-1
EBNA1BP2,27
CDC20,9
ATP6V0B,-1
KIF2C,9
RPS8,7
EIF2B3,27
UROD,21
TOE1,-1
PRDX1,-1
AKR1A1,-1
NASP,12
UQCRH,-1
FAF1,-1
NRDC,-1
TXNDC12,5
BTF3L4,16
PRPF38A,-1
SCP2,-1
MAGOH,-1
HSPB11,14
LRRC42,-1
TMEM59,29
MRPL37,38
DHCR24,6
JUN,-1
NFIA,-1
USP1,-1
LEPR,21
SERBP1,-1
GADD45A,-1
SRSF11,-1
CTH,17
ZRANB2,-1
TYW3,18
ACADM,-1
RABGGTB,-1
FUBP1,-1
GNG5,15
SSX2IP,20
ODF2L,-1
CLCA1,-1
SELENOF,-1
HS2ST1,-1
LMO4,-1
ZNF326,-1
GLMN,-1
RPAP2,28
RPL5,7
CCDC18-AS1,-1
DNTTIP2,-1
GCLM,10
RTCA,-1
PRPF38B,2
SARS,-1
PSMA5,14
LAMTOR5,-1
LRIF1,28
CEPT1,-1
DENND2D,-1
CHI3L2,21
ATP5PB,24
RAP1A,22
CAPZA1,22
RHOC,-1
SLC16A1,34
CSDE1,-1
PHGDH,17
RNF115,28
RBM8A,-1
POLR3GL,22
TXNIP,22
PDE4DIP,-1
HIST2H2AC,-1
ANP32E,32
MRPS21,-1
PRPF3,2
ADAMTSL4,-1
ENSA,-1
CTSS,-1
SCNM1,-1
PSMD4,14
PSMB4,10
S100A10,25
S100A11,26
S100A13,-1
ILF2,27
JTB,-1
RPS27,8
TPM3,26
C1orf43,-1
HAX1,17
CKS1B,-1
DPM3,3
KRTCAP2,-1
FDPS,6
DAP3,35
KHDC4,-1
SSR2,5
LAMTOR2,-1
LMNA,26
PMF1,23
CCT3,-1
GPATCH4,35
HDGF,2
LINC02772,-1
TAGLN2,26
PFDN2,-1
UFC1,-1
NDUFS2,-1
FCER1G,26
SDHC,-1
UHMK1,-1
UAP1,-1
MGST3,20
TMCO1,-1
CREG1,30
RCSD1,-1
MPC2,37
TIPRL,28
KIFAP3,22
PRRC2C,-1
PRDX6,-1
GAS5,1
CACYBP,-1
TOR3A,21
ABL2,-1
TOR1AIP2,-1
CEP350,29
ACBD6,-1
GLUL,-1
DHX9,-1
ARPC5,26
COLGALT2,16
TPR,12
UCHL5,-1
RO60,28
ASPM,9
KIF14,9
NAV1,-1
TIMM17A,-1
PTPN7,26
UBE2T,12
KDM5B,-1
TMEM183A,27
BTG2,-1
SNRPE,24
NUCKS1,9
CD55,26
CD46,-1
LINC00467,-1
DTL,12
NENF,21
NSL1,37
CENPF,9
KCTD3,27
EPRS,17
IARS2,-1
CNIH4,37
LBR,33
SRP9,-1
H3F3A,11
PARP1,-1
ARF1,-1
MRPL55,35
GUK1,22
TRIM11,22
HIST3H2A,-1
FAM89A,-1
AL445524.1,-1
IRF2BP2,25
TOMM20,-1
B3GALNT2,-1
FH,-1
ADSS,-1
COX20,-1
HNRNPU,32
SMYD3,26
AHCTF1,-1
ACP1,-1
ADI1,19
RNASEH1,35
RPS7,-1
YWHAQ,18
RRM2,12
ODC1,-1
PDIA6,5
ROCK2,-1
TRIB2,-1
DDX1,-1
SF3B6,-1
ITSN2,22
PTRHD1,-1
RAB10,28
HADHA,-1
CENPA,9
OST4,-1
PREB,-1
PPM1G,-1
NRBP1,11
WDR43,-1
LTBP1,20
CEBPZOS,-1
CEBPZ,2
PRKD3,-1
SRSF7,33
EML4,28
COX7A2L,-1
LRPPRC,-1
CALM2,-1
EPCAM,21
MSH2,12
MSH6,12
SPTBN1,-1
RTN4,16
RPS27A,8
MTIF2,-1
PNPT1,35
XPO1,-1
CCT4,-1
MDH1,14
ACTR2,26
C1D,-1
NFU1,37
PCBP1,-1
SNRPG,24
FAM136A,35
MPHOSPH10,-1
ZNF638,-1
CCT7,27
TPRKB,37
DGUOK,2
BOLA3,-1
MTHFD2,17
AUP1,37
HTRA2,-1
POLE4,-1
TMSB10,-1
CAPG,25
MAT2A,4
VAMP8,26
RNF181,-1
IMMT,12
MRPL35,-1
CYTOR,25
MRPS5,-1
STARD7,27
SNRNP200,2
FAM178B,21
COX5B,-1
EIF5B,32
RPL31,7
LIMS1,22
RANBP2,-1
BUB1,9
BCL2L11,-1
SLC20A1,10
ACTR3,-1
DDX18,27
DBI,-1
NIFK,-1
TSN,-1
GYPC,20
MZT2B,-1
MZT2A,12
UBXN4,28
MCM6,12
DARS,35
ZEB2,-1
MMADHC,-1
RIF1,-1
ARL5A,-1
PRPF40A,-1
PSMD14,14
PPIG,-1
SSB,-1
METTL5,35
GAD1,-1
GORASP2,-1
HAT1,-1
OLA1,35
ATP5MC3,24
HNRNPA3,32
AGPS,35
ZC3H15,-1
TFPI,-1
SLC40A1,6
ORMDL1,-1
NABP1,-1
SLC39A10,4
SF3B1,2
HSPD1,34
HSPE1,33
BZW1,-1
FAM126B,-1
NDUFB3,15
SUMO1,-1
NOP58,-1
WDR12,-1
EEF1B2,-1
ATIC,-1
XRCC5,-1
RPL37A,7
IGFBP2,16
ARPC2,-1
PNKD,-1
GMPPA,-1
ASIC4,20
FARSB,-1
ACSL3,-1
MFF,37
TRIP12,-1
CAB39,-1
PSMD1,14
NCL,33
PTMA,34
EIF4E2,11
HES6,-1
NDUFA10,-1
COPS9,15
HDLBP,-1
SEPTIN2,28
DTYMK,-1
BHLHE40,25
THUMPD3-AS1,3
TADA3,-1
ARPC4,-1
TTLL3,30
BRK1,29
SEC13,18
VGLL4,-1
TAMM41,-1
RPL32,7
LSM3,18
FGD5-AS1,29
MRPS25,-1
SH3BP5,18
RPL15,-1
TOP2B,-1
CMTM6,13
DYNC1LI1,-1
PDCD6IP,-1
EPM2AIP1,4
GOLGA4,29
RPSA,-1
EIF1B,-1
RPL14,-1
CTNNB1,29
SEC22C,-1
SS18L2,-1
NKTR,-1
HIGD1A,-1
ABHD5,11
KIAA1143,14
EXOSC7,-1
CCDC12,-1
SETD2,-1
SMARCC1,-1
MAP4,25
NME6,-1
TMA7,15
UQCRC1,-1
PRKAR2A,-1
NDUFAF3,-1
IMPDH2,-1
RHOA,-1
GNAI2,26
RASSF1,31
MANF,5
TEX264,-1
ACY1,-1
RPL29,7
ALAS1,28
NT5DC2,-1
SMIM4,-1
GNL3,27
SPCS1,38
TKT,-1
SELENOK,-1
ARF4,28
THOC7,-1
PSMD6,18
MITF,36
PROS1,30
MTRNR2L12,0
CMSS1,-1
TRMT10C,33
PCNP,31
RPL24,-1
CD47,-1
CIP2A,12
NAA50,27
TIMMDC1,35
COX17,15
NDUFB4,18
GOLGB1,29
FAM162A,-1
CCDC14,-1
SNX4,-1
RUVBL1,-1
GATA2,13
RAB7A,-1
CNBP,36
H1FX,-1
MRPL3,27
CDV3,27
ANAPC13,-1
PIK3CB,26
MRPS22,37
COPB2,-1
ZBTB38,-1
RNF7,-1
ATP1B3,-1
U2SURP,-1
CHST2,21
PLOD2,-1
HLTF,20
SERP1,5
EIF2A,-1
DHX36,36
GMPS,27
SSR3,5
SMC4,9
KPNA4,-1
PDCD10,32
GOLIM4,20
SEC62,-1
SKIL,-1
RPL22L1,27
ZMAT3,29
ACTL6A,-1
MRPL47,-1
NDUFB5,22
TTC14,-1
FXR1,-1
DNAJC19,-1
AP2M1,-1
PSMD2,14
EIF4G1,33
POLR2H,34
TRA2B,-1
DNAJB11,5
EIF4A2,-1
RFC4,-1
TFRC,6
RNF168,-1
PAK2,-1
NCBP2AS2,4
RPL35A,7
ZNF595,4
ATP5ME,15
SLBP,12
C4orf48,-1
NOP14,27
LRPAP1,-1
LYAR,27
MRFAP1,-1
KIAA0232,-1
BOD1L1,-1
MED28,-1
NCAPG,9
TBC1D1,12
RPL9,-1
UBE2K,28
N4BP2,-1
RHOH,25
OCIAD1,-1
DANCR,4
TMEM165,-1
PAICS,-1
SRP72,-1
UBA6,-1
UBA6-AS1,29
MTHFD2L,4
G3BP2,11
SDAD1,-1
SEPTIN11,-1
CCNI,-1
ANXA3,16
BMP2K,13
HNRNPD,32
HNRNPDL,33
SEC31A,28
MRPS18C,37
PYURF,-1
RAP1GDS1,31
EIF4E,-1
ADH5,38
H2AFZ,-1
SLC39A8,-1
UBE2D3,28
CISD2,-1
CENPE,9
PAPSS1,26
RPL34,7
OSTC,5
MCUB,37
PLA2G12A,-1
GAR1,-1
ELOVL6,6
SNHG8,1
C4orf3,-1
MAD2L1,33
ANXA5,25
EXOSC9,-1
CCNA2,9
SLC7A11,-1
NDUFC1,-1
NAA15,35
MGST2,-1
SMARCA5,-1
GYPE,20
GYPB,20
GYPA,20
ABCE1,27
RPS3A,7
PPID,-1
FNIP2,22
MSMO1,6
CBR4,-1
HMGB2,9
SAP30,36
SPCS3,5
CENPU,12
CFAP97,-1
PDCD6,-1
EXOC3,22
CLPTM1L,-1
MRPL36,19
NDUFS6,18
MED10,31
CCT5,27
CMBL,-1
ZFR,-1
SUB1,24
TARS,-1
BRIX1,-1
DNAJC21,35
NIPBL,29
RICTOR,-1
RPL37,7
OXCT1,-1
C5orf51,28
SELENOP,-1
HMGCS1,6
PAIP1,36
KIF2A,-1
CENPK,-1
NLN,-1
SREK1,-1
CCNB1,9
MRPS36,38
AK6,35
TAF9,-1
BDP1,-1
MAP1B,-1
BTF3,8
NSA2,-1
HMGCR,6
IQGAP2,-1
AGGF1,22
TBCA,33
DHFR,12
SSBP2,28
RPS23,8
TMEM167A,-1
XRCC4,37
COX7C,7
MEF2C,-1
RFESD,-1
RHOBTB3,13
CHD1,-1
PPIP5K2,-1
EPB41L4A-AS1,1
APC,29
SRP19,-1
REEP5,-1
DCP2,29
ATG12,-1
HSD17B4,26
PPIC,30
LMNB1,-1
ISOC1,-1
HINT1,24
LYRM7,-1
UQCRQ,24
HSPA4,-1
VDAC1,33
SKP1,11
PPP2CA,-1
UBE2B,28
DDX46,2
PITX1,21
H2AFY,-1
HNRNPA0,-1
ETF1,-1
HSPA9,-1
SNHG4,4
PAIP2,28
UBE2D2,-1
CXXC5,-1
NDUFA2,15
IK,22
TAF7,29
DIAPH1,-1
LARS,-1
TCERG1,-1
CSNK1A1,-1
TCOF1,27
RPS14,7
ATOX1,11
G3BP1,33
LARP1,35
MRPL22,18
RNF145,29
PTTG1,9
CCNG1,-1
NUDCD2,-1
HMMR,9
RARS,-1
DOCK2,26
NPM1,34
RPL26L1,18
ATP6V0E1,-1
BOD1,-1
CPEB4,29
AC139493.2,-1
NOP16,-1
HIGD2A,-1
NSD1,-1
PRELID1,-1
LMAN2,-1
DBN1,-1
TMED9,5
NHP2,27
HNRNPAB,33
HNRNPH1,-1
CANX,-1
SQSTM1,25
RACK1,-1
SERPINB6,-1
NQO2,-1
TUBB2B,25
PSMG4,-1
PRPF4B,2
LYRM4,37
SSR1,5
SNRNP48,-1
EEF1E1,-1
TMEM14C,-1
TMEM14B,-1
NOL7,35
MYLIP,20
GMPR,-1
DEK,-1
MRS2,21
ACOT13,-1
GMNN,12
HIST1H1C,-1
HIST1H4C,-1
HIST1H2BC,-1
HIST1H2AC,-1
HIST1H1E,-1
HIST1H1D,-1
HIST1H2BH,-1
HIST1H4H,-1
HMGN4,25
HIST1H2BJ,-1
HIST1H1B,-1
ZSCAN16-AS1,3
ZNRD1,-1
PPP1R11,-1
HCG18,3
RPP21,-1
ABCF1,-1
PPP1R10,4
MRPS18B,37
PPP1R18,26
TUBB,-1
IER3,-1
HLA-C,25
DDX39B,-1
AIF1,26
BAG6,11
CSNK2B,31
CLIC1,26
VARS,-1
LSM2,-1
HSPA1A,-1
SNHG32,1
NEU1,-1
RNF5,22
GPSM3,26
BRD2,11
RPS18,-1
PFDN6,-1
TAPBP,25
DAXX,-1
CUTA,-1
UQCC2,-1
HMGA1,-1
RPS10,-1
SNRPC,18
TAF11,-1
RPL10A,-1
FKBP5,-1
SRPK1,-1
SRSF3,-1
MTCH1,28
PIM1,-1
GLO1,18
TOMM6,24
CCND3,20
MRPS10,37
RPL7L1,-1
MEA1,37
DNPH1,-1
MRPS18A,-1
MRPL14,-1
SLC29A1,20
HSP90AB1,34
RHAG,-1
MCM3,12
DST,-1
BAG2,-1
PHF3,29
AL713998.1,-1
EEF1A1,7
COX7A2,15
MYO6,22
HMGN3,15
IBTK,-1
SYNCRIP,32
SNHG5,-1
ZNF292,3
AKIRIN2,28
PNRC1,-1
MDN1,33
UFL1,-1
PNISR,29
LIN28B,-1
SEC63,28
SNX3,28
CD164,-1
GTF3C6,-1
HDAC2,-1
RWDD1,-1
FAM184A,-1
HDDC2,-1
TRMT11,-1
CENPW,19
ECHDC1,-1
ARHGAP18,26
EPB41L2,-1
STX7,22
RPS12,8
MYB,-1
BCLAF1,-1
HEBP2,-1
ABRACL,26
CITED2,6
SF3B5,19
RAB32,-1
STXBP5,-1
PCMT1,18
GTF2H5,24
EZR,37
SOD2,25
ACAT2,6
TCP1,-1
MRPL18,19
RNASET2,-1
PSMB1,14
PDCD2,-1
C7orf50,31
PSMG3,35
EIF3B,27
ACTB,-1
FSCN1,22
EIF2AK1,20
RAC1,-1
KDELR2,5
ZDHHC4,22
RPA3,-1
NDUFA4,15
PHF14,-1
BZW2,34
TSPAN13,20
TOMM7,24
CYCS,-1
HNRNPA2B1,32
CBX3,-1
TAX1BP1,22
CPVL,20
FKBP14,-1
GGCT,35
GARS-DT,-1
GARS,17
LSM5,-1
SEPTIN7,28
STARD3NL,-1
VPS41,-1
RALA,13
MPLKIP,37
PSMA2,-1
COA1,18
MRPS24,23
POLD2,23
PPIA,33
H2AFV,-1
SNHG15,31
TBRG4,-1
FIGNL1,12
SEC61G,-1
CCT6A,27
CHCHD2,24
ZNF117,-1
ERV3-1,3
SBDS,-1
BAZ1B,-1
BCL7B,-1
BUD23,-1
EIF4H,-1
GTF2I,-1
MDH2,-1
HSPB1,-1
YWHAG,-1
PHTF2,-1
DBF4,9
CYP51A1,6
CDK6,-1
SEM1,14
ARPC1B,26
PDAP1,-1
BUD31,-1
ATP5MF,-1
COPS6,-1
MCM7,12
LAMTOR4,-1
POP7,27
ZNHIT1,15
FIS1,-1
POLR2J,-1
POLR2J3,-1
DNAJC2,-1
PSMC2,14
RELN,20
NAMPT,-1
PRKAR2B,-1
DLD,-1
LAMB1,-1
ZNF277,-1
IFRD1,31
SMIM30,-1
LSM8,-1
CPED1,22
NDUFA5,-1
ARF5,22
SND1,5
RBM28,27
CALU,-1
FLNC,20
ATP6V1F,22
UBE2H,-1
CHCHD3,35
STMP1,22
MTPN,-1
TRIM24,-1
ZC3HAV1,-1
FMC1,-1
LUC7L2,-1
HIPK2,-1
NDUFB2,-1
MRPS33,-1
SSBP1,-1
EZH2,-1
PDIA4,5
KCNH2,-1
TMUB1,-1
AGAP3,27
RHEB,-1
LINC01003,4
INSIG1,6
DNAJB6,28
AC246817.2,-1
FDFT1,6
CTSB,-1
TUSC3,29
CNOT7,-1
PCM1,-1
ASAH1,-1
PDLIM2,-1
SLC25A37,21
BNIP3L,-1
SARAF,-1
GSR,10
UBXN8,-1
RAB11FIP1,26
EIF4EBP1,17
ASH2L,21
STAR,-1
LSM1,-1
FGFR1,-1
VDAC3,23
SMIM19,-1
PRKDC,-1
MCM4,12
UBE2V2,-1
RB1CC1,29
TCEA1,16
LYPLA1,27
MRPL15,-1
RPS20,8
ARMC1,-1
RRS1,27
SNHG6,1
COPS5,37
TRAM1,5
RPL7,7
ELOC,18
TMEM70,37
FABP5,34
RBIS,-1
DECR1,-1
UQCRB,-1
MTDH,-1
LAPTM4B,-1
RPL30,-1
RIDA,-1
POP1,33
COX6C,15
POLR2K,-1
PABPC1,-1
YWHAZ,-1
ZNF706,34
DCAF13,27
ANGPT1,-1
EIF3E,7
ENY2,24
EIF3H,7
RAD21,9
MRPL13,-1
DERL1,-1
FAM83A,-1
ATAD2,12
NDUFB9,38
SQLE,6
AC016074.2,-1
MYC,34
PVT1,21
CHRAC1,-1
LY6E,-1
EEF1D,8
PUF60,18
CYC1,-1
BOP1,27
RPL8,-1
C8orf33,36
PSIP1,16
PLIN2,-1
RPS6,-1
ACO1,-1
TOPORS,29
NDUFB6,-1
DNAJA1,-1
BAG1,-1
VCP,14
STOML2,-1
TLN1,26
CLTA,-1
TOMM5,24
TJP2,-1
RFK,-1
VPS13A,-1
PSAT1,17
HNRNPK,32
CTSL,20
CKS2,9
IARS,17
MFSD14C,-1
XPA,-1
HEMGN,21
ANP32B,34
NANS,-1
SEC61B,5
ERP44,22
SMC2,-1
TMEM38B,-1
RAD23B,37
TXN,-1
PTBP3,-1
HSDL2,22
SLC31A1,-1
POLE3,-1
ATP6V1G1,28
PSMD5,36
PHF19,-1
NDUFA8,18
MRRF,-1
PSMB7,14
RPL35,-1
ARPC5L,-1
HSPA5,5
RPL12,-1
PTGES2,27
C9orf16,-1
CIZ1,31
TRUB2,24
COQ4,19
ODF2,-1
SPTAN1,-1
WDR34,12
SET,-1
ENDOG,-1
NTMT1,35
C9orf78,31
NUP214,11
RPL7A,7
UBAC1,21
PMPCA,27
EGFL7,-1
SNHG7,31
TMEM141,-1
RABL6,-1
PHPT1,-1
EDF1,16
DPP7,-1
SSNA1,38
TUBB4B,9
MRPL41,19
GTPBP4,-1
IDI1,6
NET1,13
GDI2,32
RBM17,35
ATP5F1C,-1
CELF2,-1
NUDT5,-1
CDC123,-1
HSPA14,-1
VIM,-1
DNAJC1,28
MSRB2,-1
WAC,28
KIF5B,28
CREM,26
BMS1,27
HNRNPF,-1
ZNF22,35
TIMM23,18
NCOA4,-1
ZWINT,-1
CISD1,-1
TFAM,-1
CDK1,9
ARID5B,-1
HNRNPH3,35
CCAR1,-1
DDX21,33
HK1,-1
PPA1,34
PCBD1,-1
PSAP,30
ANAPC16,-1
DDIT4,16
P4HA1,-1
DNAJC9,12
MRPS16,35
CHCHD1,15
VDAC2,-1
LRMDA,-1
RPS24,7
PPIF,-1
GHITM,-1
HHEX,-1
NOC3L,27
ZNF518A,-1
PGAM1,33
SCD,6
NDUFB8,-1
NPM3,-1
LDB1,21
NOLC1,33
ATP5MD,-1
GSTO1,-1
ADD3,-1
SMC3,-1
PDCD4,30
EIF3A,-1
PRDX3,24
RGS10,-1
BUB3,-1
OAT,21
MKI67,9
GLRX3,-1
FUOM,-1
ECHS1,-1
PSMD13,14
IFITM2,26
TALDO1,10
RPLP2,8
POLR2L,15
CD81,11
KCNQ1OT1,-1
CDKN1C,-1
ZNF195,31
HBD,21
HBG1,21
HBG2,21
EIF3F,7
RPL27A,8
AKIP1,-1
IPO7,34
MTRNR2L8,0
EIF4G2,-1
LINC00958,4
PSMA1,14
C11orf58,-1
RPS13,8
NUCB2,5
LDHA,-1
HTATIP2,-1
CCDC34,-1
IMMP1L,37
EIF3M,-1
CD59,-1
LMO2,-1
CAPRIN1,32
TRIM44,-1
COMMD9,37
TTC17,-1
MDK,-1
CKAP5,9
PSMC3,14
NDUFS3,-1
MTCH2,35
SSRP1,27
SLC43A3,-1
TIMM10,-1
TMX2,36
SELENOH,-1
CTNND1,-1
STX3,22
MRPL16,-1
MS4A3,-1
MS4A4A,-1
DDB1,21
TMEM258,5
FEN1,12
FADS1,6
FTH1,25
ASRGL1,20
AHNAK,25
EEF1G,7
GANAB,37
UQCC3,-1
UBXN1,-1
POLR2G,-1
WDR74,-1
SNHG1,31
SLC3A2,-1
RTN3,-1
COX8A,15
MACROD1,-1
STIP1,-1
VEGFB,-1
PPP1R14B,27
TRMT112,15
PRDX5,-1
SF1,28
ARL2,34
CDCA5,9
TM7SF2,-1
FAU,8
NEAT1,-1
MALAT1,25
RNASEH2C,-1
CFL1,11
CCDC85B,-1
DRAP1,-1
BANF1,-1
SF3B2,-1
MRPL11,23
RBM4,-1
POLD4,-1
PPP1CA,-1
RPS6KB2,-1
GSTP1,-1
NDUFV1,-1
NDUFS8,-1
GAL,-1
MRPL21,35
DHCR7,6
AP002387.2,4
LAMTOR1,26
COA4,38
UCP2,-1
SPCS2,-1
RPS3,7
SERPINH1,-1
CLNS1A,34
RSF1,-1
NDUFC2,-1
RAB30-DT,3
TMEM126B,-1
PICALM,-1
CTSC,-1
TAF1D,1
TMEM123,-1
DCUN1D5,27
DLAT,-1
TIMM8B,19
REXO2,35
ATP5MG,15
KMT2A,-1
DDX6,-1
RPS25,-1
TRAPPC4,38
HYOU1,5
HMBS,21
H2AFX,9
DPAGT1,-1
HSPA8,34
TBRG1,-1
FEZ1,21
EI24,27
CHEK1,-1
APLP2,-1
WNK1,-1
FKBP4,-1
CCND2,-1
MRPL51,18
GAPDH,34
CHD4,-1
MLF2,-1
PTMS,11
TPI1,-1
C12orf57,-1
PHB2,34
YBX3,-1
STRAP,-1
MGST1,-1
LDHB,-1
ETNK1,-1
BCAT1,17
MRPS35,37
RESF1,-1
BICD1,-1
SCAF11,-1
TMEM106C,-1
COL2A1,-1
KANSL2,-1
TUBA1B,-1
TUBA1A,25
TUBA1C,9
TMBIM6,26
LETMD1,1
KRT8,-1
KRT18,-1
EIF4B,-1
PFDN5,-1
PRR13,-1
PCBP2,-1
ATP5MC2,-1
CBX5,-1
HNRNPA1,-1
NFE2,21
COPZ1,-1
GTSF1,-1
BLOC1S1,-1
CD63,29
SARNP,37
RPS26,24
PA2G4,27
RPL41,7
MYL6B,-1
MYL6,22
CNPY2,31
ATP5F1B,24
PTGES3,-1
NACA,-1
PRIM1,12
SHMT2,17
DDIT3,-1
DCTN2,-1
OS9,-1
CDK4,-1
ATP23,-1
GIHCG,-1
TAFA2,-1
USP15,-1
RAP1B,-1
NUP107,-1
YEATS4,-1
CCT2,-1
ATXN7L3B,-1
NAP1L1,-1
OSBPL8,22
ATP2B1,13
BTG1,22
UBE2N,33
MRPL42,35
SOCS2,28
NDUFA12,18
METAP2,-1
SNRPF,-1
LTA4H,-1
TMPO,-1
SLC25A3,-1
CHPT1,-1
HELLPAR,9
HSP90B1,5
TDG,-1
TXNRD1,10
ISCU,-1
MMAB,6
ANAPC7,-1
ARPC3,26
VPS29,37
PPP1CC,-1
ERP29,17
RPL6,7
PTPN11,27
TESC,-1
PEBP1,-1
TAOK3,28
RPLP0,8
COX6A1,15
SRSF9,38
DYNLL1,37
MLEC,5
ANAPC5,-1
MLXIP,11
ZCCHC8,-1
RSRC2,2
DENR,-1
ARL6IP4,-1
SBNO1,-1
TMED2,-1
UBC,25
RAN,33
PSPC1,-1
SAP18,-1
MRPL57,19
RPL21,-1
GTF3A,27
POLR1D,7
POMP,18
HMGB1,33
HSPH1,-1
N4BP2L2,-1
ALG5,-1
EXOSC8,-1
SUPT20H,28
ELF1,26
VWA8,33
AKAP11,29
TSC22D1,20
GTF2F2,-1
TPT1,-1
ZC3H13,-1
LCP1,-1
ESD,-1
MED4,-1
ITM2B,26
EBPL,-1
DLEU2,4
DLEU1,-1
RNASEH2B,-1
SUGT1,-1
MZT1,33
TBC1D4,-1
COMMD6,-1
UCHL3,35
CLN5,3
MYCBP2,-1
OBI1,-1
RBM26,2
MIR17HG,4
DNAJC3,5
UGGT2,-1
IPO5,34
TPP2,-1
TEX30,-1
ARGLU1,-1
ANKRD10,22
LAMP1,-1
TFDP1,-1
CDC16,-1
CCNB1IP1,1
APEX1,-1
PNP,-1
HNRNPC,32
SUPT16H,-1
CHD8,-1
TOX4,-1
DAD1,15
MRPL52,37
LRP10,26
PSMB5,-1
ACIN1,2
PABPN1,-1
DHRS4L2,21
PCK2,17
PSME1,-1
PSME2,-1
NEDD8,15
STXBP6,22
COCH,-1
HECTD1,-1
ARHGAP5,29
SNX6,-1
BAZ1A,-1
PSMA6,-1
NFKBIA,25
MBIP,22
PNN,4
PRPF39,2
FKBP3,38
MIS18BP1,9
RPS29,8
RPL36AL,-1
NEMF,-1
SAV1,-1
TMX1,33
RTRAF,-1
PSMC6,-1
CDKN3,9
DLGAP5,9
KTN1,28
PSMA3,-1
HIF1A,-1
CHURC1,-1
EIF2S1,35
ERH,-1
SRSF5,28
RBM25,-1
NPC2,-1
TMED10,-1
SLIRP,19
SNW1,37
GALC,-1
PSMC1,14
CALM1,-1
NDUFB1,15
CPSF2,-1
DDX24,2
DICER1,-1
GLRX5,21
PAPOLA,-1
YY1,31
WARS,17
DYNC1H1,-1
HSP90AA1,-1
EIF5,31
CKB,-1
ATP5MPL,15
SIVA1,-1
AVEN,-1
NOP10,15
SRP14,-1
NUSAP1,9
TMEM87A,22
MAP1A,-1
PDIA3,5
SERF2,-1
CTDSPL2,-1
EIF3J,35
B2M,30
SORD,21
DUT,12
EID1,-1
SLC27A2,26
GABPB1-AS1,3
RSL24D1,-1
CCPG1,16
SLTM,-1
CCNB2,9
GTF2A2,18
ANXA2,25
RPS27L,22
HERC1,-1
PPIB,5
PCLAF,12
ZNF609,20
HACD3,31
RAB11A,-1
SNAPC5,-1
RPL4,7
ANP32A,-1
RPLP1,8
PKM,10
HEXA,-1
COX5A,-1
RPP25,-1
COMMD4,24
SNUPN,-1
IMP3,-1
FBXO22,35
ETFA,14
RCN2,-1
IDH3A,-1
PSMA4,14
MORF4L1,-1
CTSH,-1
RPS17,-1
SEC11A,-1
MFGE8,21
FANCI,12
IDH2,26
CIB1,-1
NGRN,31
PRC1,9
LINC01578,31
NR2F2,-1
SNRPA1,2
POLR3K,-1
SNRNP25,-1
MPG,-1
HBZ,21
HBA1,21
HBQ1,-1
LUC7L,2
MRPL28,35
NME4,-1
METTL26,-1
STUB1,-1
METRN,-1
UBE2I,-1
JPT2,33
MRPS34,23
MEIOB,-1
NDUFB10,19
RPS2,-1
ZNF598,-1
NPW,-1
SNHG19,4
PGP,-1
ECI1,-1
RNPS1,-1
ATP6V0C,-1
SRRM2,28
ELOB,-1
PRSS21,-1
HCFC1R1,-1
TRAP1,-1
PAM16,-1
NMRAL1,-1
ATF7IP2,3
SOCS1,26
RSL1D1,-1
GSPT1,27
RPS15A,7
ARL6IP1,-1
ACSM3,3
THUMPD1,32
UQCRC2,-1
NDUFAB1,24
PLK1,9
PRKCB,-1
TUFM,-1
SPN,26
QPRT,22
MAZ,-1
PPP4C,-1
DCTPP1,27
SEPHS2,-1
FUS,-1
PYCARD,26
SHCBP1,9
VPS35,-1
ORC6,12
DNAJA2,-1
PHKB,-1
BRD7,-1
MT1X,-1
HERPUD1,5
CSNK2A2,-1
GOT2,23
CKLF,-1
NAE1,27
CIAO2B,15
E2F4,-1
TMEM208,-1
NUTF2,33
VPS4A,-1
NIP7,27
NQO1,10
NOB1,-1
PSMD7,-1
CFDP1,-1
GABARAPL2,-1
KARS,35
CENPN,-1
GCSH,-1
PLCG2,-1
HSBP1,-1
GINS2,12
COX4I1,8
MAP1LC3B,-1
CYBA,26
MVD,6
CDT1,-1
APRT,-1
TRAPPC2L,19
ANKRD11,-1
RPL13,-1
YWHAE,15
SERPINF1,-1
TSR1,27
EMC6,38
PSMB6,18
PFN1,10
C1QBP,33
TXNDC17,-1
RNASEK,-1
ACADVL,10
GABARAP,29
EIF5A,33
POLR2A,11
EIF4A1,34
NAA38,-1
RPL26,7
MYH10,-1
SCO1,-1
UBB,11
SNHG29,-1
COPS3,-1
TMEM97,6
RPL23A,-1
ERAL1,-1
NUFIP2,-1
NSRP1,36
BLMH,27
UTP6,-1
SUZ12,12
ZNF207,-1
PSMD11,14
SNHG30,-1
TAF15,12
GGNBP2,28
AATF,35
PSMB3,14
RPL23,7
RPL19,8
CDK12,-1
PNMT,-1
PSMD3,14
TOP2A,9
SMARCE1,36
KRT10,-1
TMEM99,-1
EIF1,-1
ACLY,6
DNAJC7,-1
RAB5C,28
STAT5A,-1
STAT3,21
CAVIN1,26
ATP6V0A1,-1
VPS25,22
COA3,-1
RPL27,-1
VAT1,22
BRCA1,12
LSM12,36
UBTF,-1
SLC25A39,-1
GRN,-1
FMNL1,26
MYL4,21
KPNB1,-1
PNPO,-1
CDK5RAP3,-1
HOXB2,28
HOXB9,-1
ATP5MC1,23
SNF8,36
IGF2BP1,-1
PHB,24
MRPL27,19
LRRC59,-1
LUC7L3,-1
SPAG9,-1
NME1,-1
NME2,34
COX11,-1
MRPS23,-1
SRSF1,-1
DYNLL2,-1
AC004687.1,4
SUPT4H1,-1
SKA2,-1
CLTC,-1
VMP1,26
METTL2A,36
DCAF7,-1
LIMD2,26
CCDC47,27
PSMC5,14
DDX5,11
CEP95,-1
PSMD12,-1
NOL11,-1
BPTF,29
KPNA2,9
RPL38,-1
FDXR,6
ATP5PD,22
JPT1,-1
SUMO2,12
MRPS7,23
GRB2,28
H3F3B,11
MRPL38,-1
UBALD2,-1
SNHG16,-1
ST6GALNAC1,-1
SRSF2,33
BIRC5,9
EIF4A3,-1
NDUFAF8,-1
ACTG1,-1
MRPL12,27
MCRIP1,-1
P4HB,5
ARHGDIA,33
ALYREF,33
ANAPC11,-1
MAFG,-1
PYCR1,17
CENPX,23
RAC3,-1
DCXR,-1
DUS1L,-1
FASN,6
CD7,-1
NARF,20
USP14,-1
TYMSOS,12
TYMS,12
YES1,11
SMCHD1,12
MYL12A,-1
MYL12B,-1
AP001531.1,21
NDUFV2,-1
ANKRD12,29
VAPA,-1
SNRPD1,33
DSC2,-1
GALNT1,-1
ELP2,29
ATP5F1A,-1
C18orf32,-1
RPL17,7
TCF4,-1
TXNL4A,23
TPGS1,30
CDC34,36
BSG,30
RNF126,-1
PRSS57,-1
PTBP1,-1
PLPPR3,-1
CFD,26
ARID3A,-1
WDR18,23
CNN2,26
POLR2E,-1
GPX4,-1
ATP5F1D,-1
MIDN,-1
CIRBP,1
NDUFS7,-1
GAMT,-1
DAZAP1,27
RPS15,-1
UQCR11,-1
REXO1,-1
ABHD17A,-1
MKNK2,-1
PLEKHJ1,-1
OAZ1,11
LSM7,-1
TIMM13,23
SLC39A3,-1
TLE5,28
MRPL54,19
MATK,34
EEF2,-1
MAP2K2,-1
MYDGF,5
SAFB,32
RPL36,-1
LONP1,17
NDUFA11,-1
CLPP,27
ALKBH7,7
KHSRP,27
TRAPPC5,-1
CD320,-1
NDUFA7,15
RPS28,7
HNRNPM,32
UBL5,11
PIN1,38
PPAN,27
EIF3G,35
DNMT1,12
MRPL4,27
CDC37,-1
ILF3-DT,4
ILF3,32
SMARCA4,-1
PRKCSH,-1
ECSIT,23
ACP5,20
WDR83OS,-1
TNPO2,2
TRIR,-1
JUNB,25
PRDX2,21
KLF1,21
CALR,5
RAD23A,-1
GADD45GIP1,19
LYL1,-1
IER2,-1
C19orf53,15
DDX39A,-1
DNAJB1,-1
TECR,11
NDUFB7,38
BRD4,13
UCA1,-1
TPM4,26
CHERP,2
MRPL34,23
BST2,-1
PGLS,-1
RPL18A,8
CCDC124,24
JUND,26
LSM4,27
PGPEP1,-1
GDF15,-1
FKBP8,-1
UBA52,8
REX1BD,-1
COPE,29
TMEM161A,-1
NDUFA13,15
ZNF714,-1
ZNF431,-1
ZNF429,3
ZNF254,-1
AC079466.1,21
UQCRFS1,-1
URI1,-1
PDCD5,35
LSM14A,-1
GPI,-1
UBA2,-1
FXYD5,-1
TMEM147,35
COX6B1,15
POLR2I,35
PPP1R14A,-1
PSMD8,-1
EIF3K,-1
ACTN4,11
ECH1,22
MRPS12,-1
FBXO17,-1
GMFG,26
RPS16,8
TIMM50,-1
FBL,34
PSMC4,18
PLD3,30
BLVRB,21
SNRPA,-1
HNRNPUL1,-1
TGFB1,26
EXOSC5,35
RPS19,8
RABAC1,29
PAFAH1B3,-1
ZNF428,-1
TOMM40,27
APOE,22
APOC1,21
TRAPPC6A,-1
CD3EAP,-1
VASP,26
SNRPD2,-1
IGFL2-AS1,22
CALM3,-1
SLC1A5,17
AP2S1,11
TMEM160,-1
SAE1,-1
NOP53,7
SELENOW,1
EMP3,26
KDELR1,5
RPL18,7
PPP1R15A,-1
BAX,-1
FTL,25
RUVBL2,-1
SNRNP70,11
PIH1D1,-1
RPL13A,7
RPS11,-1
FCGRT,22
NOSIP,-1
BCL2L12,9
PRMT1,27
AKT1S1,-1
C19orf48,-1
CD33,26
ETFB,22
PRPF31,-1
RPS9,-1
TNNT1,-1
PPP6R1,-1
RPL28,8
UBE2S,9
ISOC2,-1
NAT14,-1
ERVK3-1,37
RPS5,8
TRIM28,-1
CHMP2A,-1
UBE2M,-1
TRIB3,16
RBCK1,16
CSNK2A1,28
FKBP1A,-1
SNRPB,-1
NOP56,27
IDH3B,18
MRPS26,27
DDRGK1,-1
C20orf27,27
TMEM230,-1
PCNA,12
SNRPB2,-1
DSTN,5
SNX5,34
NAA20,27
XRN2,-1
CST3,30
ID1,-1
TPX2,9
PDRG1,31
COMMD7,-1
MAPRE1,-1
RALY,-1
EIF2S2,-1
AHCY,-1
DYNLRB1,-1
MMP24OS,-1
EIF6,35
RBM39,2
SCAND1,-1
NORAD,11
RAB5IF,-1
RPN2,-1
SNHG17,31
TOP1,11
MYBL2,12
YWHAB,-1
DBNDD2,31
ZMYND8,6
CSE1L,33
STAU1,28
ZFAS1,1
RNF114,37
UBE2V1,22
PTPN1,-1
FAM210B,20
AURKA,9
RTF2,-1
CTCFL,26
GNAS,-1
CTSZ,-1
ATP5F1E,15
PRELID3B,35
SYCP2,-1
PSMA7,14
ADRM1,14
RPS21,8
PPDPF,-1
AC079801.1,21
CU638689.4,3
SAMSN1,13
ATP5PF,24
GABPA,-1
USP16,35
CCT8,-1
SOD1,-1
MIS18A,35
CFAP298,35
PAXBP1,-1
IFNGR2,25
GART,33
SON,-1
ATP5PO,-1
MRPS6,-1
SLC5A3,-1
PIGP,-1
TTC3,-1
PSMG1,-1
HMGN1,-1
NDUFV3,-1
PKNOX1,-1
RRP1B,27
PDXK,-1
CSTB,22
RRP1,27
PFKL,-1
UBE2G2,-1
SUMO3,-1
PTTG1IP,-1
FAM207A,27
COL18A1,21
SPATC1L,-1
MCM3AP,28
PRMT2,22
DUXAP8,-1
BID,-1
SLC25A1,6
C22orf39,-1
MRPL40,38
UFD1,14
CDC45,12
GP1BB,-1
TBX1,-1
GNB1L,-1
RTL10,-1
COMT,-1
DGCR8,-1
TRMT2A,27
RANBP1,33
DGCR6L,36
SNAP29,22
THAP7,-1
HIC2,-1
UBE2L3,-1
YDJC,34
SDF2L1,5
PPIL2,-1
MAPK1,28
ZNF280B,28
PRAME,26
PCAT14,-1
CHCHD10,-1
MIF,-1
DDT,23
TPST2,26
CCDC117,-1
XBP1,16
EWSR1,32
NIPSNAP1,-1
UQCR10,15
YWHAH,4
HMGXB4,12
MCM5,12
MYH9,26
TXN2,-1
EIF3D,37
MPST,-1
RAC2,26
LGALS1,26
EIF3L,-1
POLR2F,-1
DDX17,-1
TOMM22,-1
RPL3,-1
ATF4,-1
RPS19BP1,36
ADSL,-1
ST13,-1
RBX1,-1
XRCC6,24
SNU13,-1
CENPM,-1
SMDT1,-1
NDUFA6,38
TSPO,-1
FAM118A,-1
ATXN10,37
AL117329.1,-1
PIM3,-1
SLC25A6,-1
ZBED1,28
CD99,-1
TMSB4X,25
TXLNG,-1
RBBP7,12
EIF1AX,27
SMS,-1
PRDX4,-1
SAT1,-1
EIF2S3,-1
BCOR,13
DDX3X,32
NDUFB11,15
RBM10,-1
TIMP1,-1
UXT,-1
RBM3,-1
GATA1,-1
PQBP1,-1
TIMM17B,-1
PLP2,26
SMC1A,12
HSD17B10,-1
HUWE1,-1
MAGED2,29
ALAS2,-1
MSN,26
AL034397.3,-1
HEPH,-1
NONO,31
RPS4X,7
XIST,-1
JPX,28
ATRX,-1
COX7B,15
PGK1,-1
ITM2A,30
BRWD3,-1
SH3BGRL,30
APOOL,22
RPL36A,7
ARMCX3,-1
BEX4,-1
TCEAL8,-1
BEX2,16
MORF4L2,-1
SLC25A5,-1
SEPTIN6,-1
RPL39,7
UPF3B,31
NDUFA1,15
RHOXF2B,-1
LAMP2,30
MCTS1,37
THOC2,-1
XIAP,-1
STAG2,28
PHF6,38
ARHGEF6,26
RBMX,-1
VMA21,-1
MAGEA3,2
MAGEA12,2
BCAP31,11
SSR4,-1
NAA10,27
RPL10,-1
CTAG2,-1
DKC1,-1
VBP1,-1
MT-ND1,0
MT-ND2,0
MT-CO1,0
MT-CO2,0
MT-ATP8,0
MT-ATP6,0
MT-CO3,0
MT-ND3,0
MT-ND4L,0
MT-ND4,0
MT-ND5,0
MT-ND6,0
MT-CYB,0
